Rk,Age,Team,Lg,WAR,G,PA,AB,R,H,2B,3B,HR,RBI,SB,CS,BB,SO,BA,OBP,SLG,OPS,OPS+,rOBA,Rbat+,TB,GIDP,HBP,SH,SF,IBB,Pos,Awards,Player-additional,name,payroll,veteran,league,all_star,POS
1.0,32.0,NYY,AL,10.8,158.0,704.0,559.0,122.0,180.0,36.0,1.0,58.0,144.0,10.0,0.0,133.0,171.0,0.322,0.458,0.701,1.159,223.0,0.484,223.0,392.0,22.0,9.0,0.0,2.0,20.0,*8D/97,AS,judgeaa01,Aaron Judge,40000000.0,1,0,1,79/8/DH
2.0,29.0,LAD,NL,9.2,159.0,731.0,636.0,134.0,197.0,38.0,7.0,54.0,130.0,59.0,4.0,81.0,162.0,0.31,0.39,0.646,1.036,190.0,0.449,190.0,411.0,7.0,6.0,0.0,5.0,10.0,*D,AS,ohtansh01,Shohei Ohtani,70000000.0,1,1,1,DH
3.0,29.0,BAL,AL,2.9,155.0,665.0,595.0,91.0,140.0,25.0,2.0,44.0,102.0,2.0,0.0,58.0,129.0,0.235,0.308,0.506,0.814,134.0,0.346,131.0,301.0,9.0,7.0,0.0,5.0,3.0,*9D/3H,AS,santaan02,Anthony Santander,11700000.0,1,0,1,13/9/DH
4.0,25.0,NYY,AL,7.9,157.0,713.0,576.0,128.0,166.0,31.0,4.0,41.0,109.0,7.0,4.0,129.0,119.0,0.288,0.419,0.569,0.989,178.0,0.424,179.0,328.0,10.0,4.0,0.0,4.0,2.0,*9/7DH,AS,sotoju01,Juan Soto,31000000.0,0,0,1,17/9/DH
5.0,33.0,ATL,NL,4.3,162.0,688.0,606.0,96.0,183.0,31.0,0.0,39.0,104.0,1.0,0.0,74.0,170.0,0.302,0.378,0.546,0.925,154.0,0.394,154.0,331.0,23.0,3.0,0.0,4.0,2.0,*D,AS,ozunama01,Marcell Ozuna,16000000.0,1,1,1,DH
6.0,31.0,CLE,AL,6.8,158.0,682.0,620.0,114.0,173.0,39.0,2.0,39.0,118.0,41.0,7.0,54.0,82.0,0.279,0.335,0.537,0.872,143.0,0.376,140.0,333.0,9.0,1.0,0.0,6.0,12.0,*5D,AS,ramirjo01,José Ramírez,17000000.0,1,0,1,5/DH
8.0,31.0,PHI,NL,3.5,150.0,692.0,573.0,110.0,142.0,22.0,0.0,38.0,104.0,5.0,3.0,106.0,197.0,0.248,0.366,0.485,0.851,137.0,0.367,137.0,278.0,6.0,5.0,0.0,8.0,4.0,*D/7H,,schwaky01,Kyle Schwarber,20000000.0,1,1,0,17/DH
10.0,30.0,ARI,NL,6.8,136.0,583.0,504.0,93.0,147.0,23.0,2.0,36.0,95.0,7.0,1.0,65.0,106.0,0.292,0.372,0.56,0.932,155.0,0.396,155.0,282.0,9.0,5.0,0.0,9.0,7.0,*4D/H6,AS,marteke01,Ketel Marte,13600000.0,1,1,1,16/4/DH
11.0,27.0,HOU,AL,5.4,147.0,635.0,552.0,88.0,170.0,34.0,2.0,35.0,86.0,6.0,0.0,69.0,95.0,0.308,0.392,0.567,0.959,172.0,0.406,169.0,313.0,14.0,10.0,0.0,4.0,16.0,D7,AS,alvaryo01,Yordan Alvarez,10833333.0,0,0,1,7/DH
12.0,29.0,NYM,NL,2.6,162.0,695.0,608.0,91.0,146.0,31.0,0.0,34.0,88.0,3.0,0.0,70.0,172.0,0.24,0.329,0.459,0.788,123.0,0.341,122.0,279.0,14.0,13.0,0.0,4.0,4.0,*3/DH,AS,alonspe01,Pete Alonso,20500000.0,1,1,1,1/3/DH
15.0,30.0,NYM,NL,7.0,152.0,689.0,618.0,107.0,169.0,39.0,1.0,33.0,91.0,29.0,4.0,56.0,127.0,0.273,0.344,0.5,0.844,138.0,0.373,141.0,309.0,7.0,12.0,0.0,3.0,0.0,*6/DH,,lindofr01,Francisco Lindor,34100000.0,1,1,0,1/6/DH
16.0,28.0,MIL,NL,3.1,161.0,688.0,610.0,93.0,153.0,33.0,0.0,32.0,112.0,21.0,4.0,74.0,173.0,0.251,0.331,0.462,0.794,118.0,0.348,117.0,282.0,12.0,1.0,0.0,3.0,3.0,*6,,adamewi01,Willy Adames,12250000.0,1,1,0,6
17.0,24.0,KCR,AL,9.4,161.0,709.0,636.0,125.0,211.0,45.0,11.0,32.0,109.0,31.0,12.0,57.0,106.0,0.332,0.389,0.588,0.977,171.0,0.416,171.0,374.0,4.0,8.0,0.0,8.0,9.0,*6/D,AS,wittbo02,Bobby Witt Jr.,2707070.0,0,0,1,6/DH
18.0,27.0,CLE,AL,1.5,152.0,633.0,563.0,84.0,137.0,27.0,0.0,31.0,108.0,6.0,2.0,58.0,105.0,0.243,0.32,0.456,0.776,118.0,0.336,117.0,257.0,17.0,7.0,0.0,4.0,7.0,*3D/H,AS,naylojo01,Josh Naylor,6500000.0,0,0,1,1/3/DH
19.0,29.0,BOS,AL,2.7,113.0,473.0,411.0,74.0,99.0,18.0,0.0,31.0,61.0,4.0,0.0,53.0,159.0,0.241,0.336,0.511,0.847,132.0,0.365,131.0,210.0,13.0,7.0,0.0,2.0,5.0,79D/H,,oneilty01,Tyler O'Neill,5850000.0,1,0,0,1/79/DH
20.0,25.0,TOR,AL,6.2,159.0,697.0,616.0,98.0,199.0,44.0,1.0,30.0,103.0,2.0,2.0,72.0,96.0,0.323,0.396,0.544,0.94,166.0,0.399,165.0,335.0,16.0,5.0,0.0,4.0,12.0,*3D5/H,AS,guerrvl02,Vladimir Guerrero Jr.,19900000.0,0,0,1,1/35/DH
21.0,31.0,PHI,NL,4.8,145.0,631.0,550.0,85.0,157.0,42.0,0.0,30.0,87.0,7.0,4.0,76.0,138.0,0.285,0.373,0.525,0.898,149.0,0.381,148.0,289.0,18.0,2.0,1.0,2.0,11.0,*3/D,AS,harpebr03,Bryce Harper,27538462.0,1,1,1,3/DH
22.0,30.0,TEX,AL,5.0,123.0,533.0,475.0,68.0,132.0,21.0,0.0,30.0,74.0,1.0,1.0,53.0,96.0,0.278,0.353,0.512,0.864,145.0,0.363,139.0,243.0,8.0,3.0,0.0,2.0,11.0,*6D/H,AS,seageco01,Corey Seager,35000000.0,1,0,1,1/6/DH
26.0,31.0,SDP,NL,3.2,152.0,643.0,593.0,77.0,163.0,30.0,0.0,29.0,105.0,11.0,2.0,45.0,124.0,0.275,0.325,0.472,0.797,120.0,0.344,118.0,280.0,25.0,1.0,0.0,4.0,6.0,5D/H,,machama01,Manny Machado,17090909.0,1,1,0,1/5/DH
27.0,30.0,ATL,NL,4.0,162.0,685.0,600.0,78.0,148.0,37.0,1.0,29.0,98.0,0.0,0.0,71.0,170.0,0.247,0.333,0.457,0.79,118.0,0.342,117.0,274.0,15.0,9.0,0.0,5.0,5.0,*3,,olsonma02,Matt Olson,22000000.0,1,1,0,3
28.0,27.0,BOS,AL,3.7,138.0,601.0,525.0,87.0,143.0,34.0,5.0,28.0,83.0,3.0,0.0,67.0,147.0,0.272,0.354,0.516,0.871,139.0,0.368,134.0,271.0,13.0,3.0,0.0,6.0,14.0,*5/D,AS,deverra01,Rafael Devers,29318181.0,0,0,1,5/DH
29.0,31.0,SFG,NL,7.1,154.0,647.0,575.0,98.0,142.0,39.0,2.0,27.0,78.0,15.0,2.0,64.0,158.0,0.247,0.328,0.463,0.79,125.0,0.351,129.0,266.0,13.0,6.0,0.0,2.0,3.0,*5/H,,chapmma01,Matt Chapman,16666666.0,1,1,0,1/5
30.0,34.0,KCR,AL,2.6,158.0,652.0,590.0,58.0,160.0,28.0,0.0,27.0,104.0,0.0,0.0,44.0,129.0,0.271,0.33,0.456,0.786,119.0,0.339,116.0,269.0,17.0,11.0,0.0,6.0,9.0,23D/H,AS,perezsa02,Salvador Perez,20000000.0,1,0,1,1/23/DH
31.0,34.0,NYY,AL,0.7,114.0,459.0,417.0,49.0,97.0,20.0,0.0,27.0,72.0,0.0,0.0,38.0,143.0,0.233,0.298,0.475,0.773,115.0,0.33,112.0,198.0,17.0,2.0,0.0,2.0,2.0,*D/H,,stantmi03,Giancarlo Stanton,32000000.0,1,0,0,1/DH
33.0,30.0,HOU,AL,4.1,145.0,634.0,581.0,79.0,151.0,30.0,2.0,26.0,75.0,3.0,1.0,44.0,86.0,0.26,0.315,0.453,0.768,118.0,0.334,117.0,263.0,13.0,5.0,0.0,4.0,1.0,*5/D,,bregmal01,Alex Bregman,30500000.0,1,0,0,5/DH
34.0,31.0,MIL,NL,-0.2,131.0,517.0,449.0,59.0,96.0,14.0,0.0,26.0,82.0,3.0,0.0,53.0,149.0,0.214,0.303,0.419,0.722,98.0,0.314,95.0,188.0,11.0,7.0,0.0,6.0,1.0,3D/H,,hoskirh01,Rhys Hoskins,12000000.0,1,1,0,1/3/DH
35.0,22.0,COL,NL,3.7,157.0,695.0,655.0,83.0,176.0,45.0,4.0,26.0,78.0,6.0,5.0,23.0,200.0,0.269,0.295,0.469,0.763,103.0,0.325,99.0,307.0,16.0,4.0,5.0,7.0,1.0,*6,,tovarez01,Ezequiel Tovar,1714285.0,0,1,0,6
36.0,33.0,ARI,NL,2.6,130.0,552.0,479.0,72.0,120.0,26.0,0.0,26.0,84.0,2.0,2.0,55.0,133.0,0.251,0.335,0.468,0.803,121.0,0.34,116.0,224.0,12.0,10.0,0.0,8.0,4.0,*3/H,,walkech02,Christian Walker,10900000.0,1,1,0,1/3
38.0,31.0,TEX,AL,0.4,154.0,637.0,580.0,68.0,130.0,27.0,0.0,25.0,85.0,11.0,5.0,45.0,177.0,0.224,0.284,0.4,0.684,94.0,0.302,94.0,232.0,12.0,6.0,0.0,6.0,2.0,*9D/H,,garciad02,Adolis García,4750000.0,1,0,0,1/9/DH
39.0,29.0,CHC,NL,3.9,153.0,657.0,569.0,89.0,138.0,34.0,2.0,25.0,86.0,13.0,2.0,80.0,168.0,0.243,0.341,0.441,0.782,120.0,0.345,121.0,251.0,7.0,6.0,0.0,2.0,1.0,*7/DH,,happia01,Ian Happ,21000000.0,1,1,0,1/7/DH
41.0,30.0,LAA,AL,2.3,156.0,663.0,585.0,73.0,144.0,26.0,2.0,25.0,75.0,6.0,4.0,63.0,163.0,0.246,0.323,0.426,0.748,111.0,0.329,111.0,249.0,11.0,7.0,0.0,8.0,0.0,*7D,,wardta01,Taylor Ward,4800000.0,1,0,0,7/DH
45.0,31.0,SDP,NL,3.7,158.0,668.0,564.0,94.0,158.0,29.0,0.0,24.0,85.0,10.0,3.0,76.0,101.0,0.28,0.38,0.459,0.839,134.0,0.369,137.0,259.0,14.0,18.0,5.0,5.0,4.0,*7/D3,AS,profaju01,Jurickson Profar,2500000.0,1,1,1,3/7/DH
46.0,29.0,PIT,NL,3.7,156.0,692.0,622.0,73.0,171.0,29.0,3.0,24.0,88.0,10.0,2.0,57.0,156.0,0.275,0.344,0.447,0.791,119.0,0.355,125.0,278.0,7.0,10.0,0.0,3.0,3.0,*7D9,AS,reynobr01,Bryan Reynolds,10250000.0,1,1,1,79/DH
47.0,30.0,2TM,AL,0.9,139.0,482.0,445.0,54.0,101.0,17.0,0.0,24.0,56.0,2.0,2.0,23.0,156.0,0.227,0.276,0.427,0.703,97.0,0.304,95.0,190.0,9.0,9.0,0.0,5.0,0.0,65H/D,,dejonpa01,Paul DeJong,1900000.0,1,0,0,156/DH
47.0,30.0,CHW,AL,0.2,102.0,363.0,337.0,39.0,77.0,14.0,0.0,18.0,41.0,2.0,1.0,14.0,112.0,0.228,0.275,0.43,0.706,99.0,0.303,95.0,145.0,8.0,9.0,0.0,3.0,0.0,65/HD,,dejonpa01,Paul DeJong,1900000.0,1,0,0,1/56/DH
47.0,30.0,KCR,AL,0.7,37.0,119.0,108.0,15.0,24.0,3.0,0.0,6.0,15.0,0.0,1.0,9.0,44.0,0.222,0.277,0.417,0.694,92.0,0.308,97.0,45.0,1.0,0.0,0.0,2.0,0.0,5/HD6,,dejonpa01,Paul DeJong,1900000.0,1,0,0,16/5/DH
49.0,32.0,PHI,NL,0.8,162.0,659.0,606.0,80.0,154.0,30.0,4.0,23.0,86.0,6.0,2.0,41.0,139.0,0.254,0.311,0.431,0.742,106.0,0.327,108.0,261.0,14.0,10.0,0.0,2.0,2.0,*9/D,,casteni01,Nick Castellanos,20000000.0,1,1,0,9/DH
53.0,31.0,NYM,NL,2.3,151.0,663.0,571.0,88.0,128.0,25.0,3.0,23.0,90.0,15.0,0.0,77.0,158.0,0.224,0.327,0.399,0.727,107.0,0.331,111.0,228.0,7.0,12.0,0.0,3.0,1.0,*78/DH,,nimmobr01,Brandon Nimmo,20500000.0,1,1,0,1/78/DH
54.0,32.0,ARI,NL,2.9,132.0,449.0,367.0,62.0,101.0,17.0,1.0,23.0,64.0,7.0,4.0,55.0,105.0,0.275,0.393,0.515,0.908,151.0,0.388,151.0,189.0,5.0,18.0,1.0,3.0,2.0,*DH,,pederjo01,Joc Pederson,9500000.0,1,1,0,1/DH
55.0,38.0,MIN,AL,2.5,150.0,594.0,521.0,63.0,124.0,26.0,0.0,23.0,71.0,4.0,0.0,65.0,99.0,0.238,0.328,0.42,0.749,109.0,0.329,108.0,219.0,11.0,6.0,0.0,2.0,3.0,*3/HD,,santaca01,Carlos Santana,5500000.0,1,0,0,1/3/DH
56.0,33.0,TEX,AL,4.1,159.0,718.0,650.0,101.0,154.0,27.0,2.0,23.0,74.0,8.0,3.0,64.0,105.0,0.237,0.308,0.391,0.699,100.0,0.31,100.0,254.0,9.0,3.0,0.0,1.0,2.0,*4,AS,semiema01,Marcus Semien,26000000.0,1,0,1,4
57.0,27.0,HOU,AL,4.7,78.0,339.0,277.0,56.0,80.0,13.0,0.0,23.0,49.0,11.0,0.0,56.0,54.0,0.289,0.408,0.585,0.993,181.0,0.426,179.0,162.0,5.0,1.0,0.0,2.0,3.0,9/DH,AS,tuckeky01,Kyle Tucker,12000000.0,0,0,1,1/9/DH
59.0,23.0,ARI,NL,3.4,158.0,684.0,589.0,121.0,136.0,22.0,14.0,22.0,74.0,35.0,8.0,73.0,130.0,0.231,0.322,0.428,0.749,107.0,0.333,106.0,252.0,3.0,10.0,3.0,9.0,0.0,*89/H,,carroco02,Corbin Carroll,3625000.0,0,1,0,1/89
60.0,34.0,LAD,NL,4.7,147.0,638.0,542.0,81.0,153.0,35.0,2.0,22.0,89.0,9.0,2.0,78.0,100.0,0.282,0.378,0.476,0.854,143.0,0.37,142.0,258.0,13.0,10.0,0.0,8.0,9.0,*3,AS,freemfr01,Freddie Freeman,27000000.0,1,1,1,3
61.0,36.0,STL,NL,1.3,154.0,654.0,599.0,70.0,147.0,33.0,1.0,22.0,65.0,11.0,0.0,47.0,173.0,0.245,0.302,0.414,0.716,98.0,0.326,104.0,248.0,20.0,2.0,0.0,2.0,2.0,*3/DH,,goldspa01,Paul Goldschmidt,26000000.0,1,1,0,1/3/DH
66.0,20.0,MIL,NL,3.8,148.0,573.0,528.0,80.0,145.0,29.0,4.0,21.0,79.0,22.0,7.0,39.0,121.0,0.275,0.327,0.464,0.791,117.0,0.344,115.0,245.0,7.0,3.0,1.0,2.0,4.0,*79/HD,,chourja01,Jackson Chourio,2250000.0,0,1,0,1/79/DH
69.0,27.0,MIN,AL,2.1,122.0,465.0,412.0,56.0,93.0,22.0,0.0,21.0,64.0,3.0,0.0,32.0,94.0,0.226,0.3,0.432,0.732,103.0,0.322,103.0,178.0,9.0,14.0,1.0,6.0,0.0,2DH,,jeffery01,Ryan Jeffers,2425000.0,0,0,0,12/DH
70.0,29.0,TBR,AL,2.4,107.0,425.0,385.0,56.0,94.0,19.0,3.0,21.0,58.0,5.0,1.0,33.0,112.0,0.244,0.311,0.473,0.783,121.0,0.339,120.0,182.0,7.0,5.0,0.0,2.0,2.0,4D3H,,lowebr01,Brandon Lowe,8750000.0,1,0,0,134/DH
71.0,29.0,CHC,NL,3.5,132.0,585.0,512.0,74.0,145.0,27.0,6.0,21.0,73.0,16.0,6.0,63.0,160.0,0.283,0.366,0.482,0.848,138.0,0.364,136.0,247.0,6.0,6.0,0.0,4.0,3.0,9D/7H,,suzukse01,Seiya Suzuki,21000000.0,1,1,0,17/9/DH
72.0,25.0,SDP,NL,2.6,102.0,438.0,398.0,64.0,110.0,21.0,1.0,21.0,49.0,11.0,3.0,32.0,96.0,0.276,0.34,0.492,0.833,130.0,0.36,129.0,196.0,8.0,7.0,0.0,1.0,0.0,9/DH,AS,tatisfe02,Fernando Tatis Jr.,11714285.0,0,1,1,1/9/DH
73.0,31.0,PHI,NL,3.0,121.0,539.0,505.0,88.0,149.0,25.0,0.0,21.0,62.0,19.0,4.0,27.0,98.0,0.295,0.338,0.469,0.807,124.0,0.358,127.0,237.0,10.0,6.0,0.0,1.0,0.0,*6/D,AS,turnetr01,Trea Turner,27272727.0,1,1,1,6/DH
75.0,32.0,2TM,NL,1.1,142.0,574.0,493.0,84.0,119.0,34.0,1.0,21.0,64.0,1.0,0.0,68.0,141.0,0.241,0.338,0.442,0.78,121.0,0.343,123.0,218.0,9.0,6.0,0.0,4.0,0.0,D9/H7,,solerjo01,Jorge Soler,10000000.0,1,1,0,17/9/DH
75.0,32.0,SFG,NL,1.0,93.0,392.0,341.0,57.0,82.0,23.0,1.0,12.0,40.0,1.0,0.0,44.0,97.0,0.24,0.33,0.419,0.749,115.0,0.334,119.0,143.0,9.0,3.0,0.0,3.0,0.0,D/H,,solerjo01,Jorge Soler,10000000.0,1,1,0,1/DH
75.0,32.0,ATL,NL,0.1,49.0,182.0,152.0,27.0,37.0,11.0,0.0,9.0,24.0,0.0,0.0,24.0,44.0,0.243,0.356,0.493,0.849,134.0,0.364,133.0,75.0,0.0,3.0,0.0,1.0,0.0,9/7H,,solerjo01,Jorge Soler,10000000.0,1,1,0,17/9
79.0,34.0,HOU,AL,3.4,153.0,682.0,628.0,94.0,185.0,31.0,0.0,20.0,65.0,22.0,7.0,47.0,119.0,0.295,0.35,0.439,0.79,126.0,0.348,126.0,276.0,15.0,7.0,0.0,0.0,2.0,*4/DH,AS,altuvjo01,Jose Altuve,31500000.0,1,0,1,1/4/DH
80.0,29.0,CHW,AL,-0.8,135.0,522.0,477.0,50.0,109.0,20.0,0.0,20.0,64.0,3.0,2.0,41.0,96.0,0.229,0.289,0.396,0.685,95.0,0.299,92.0,189.0,12.0,1.0,0.0,3.0,1.0,*7H/D8,,beninan01,Andrew Benintendi,17100000.0,1,0,0,17/8/DH
82.0,30.0,CIN,NL,-0.6,112.0,463.0,427.0,47.0,96.0,23.0,2.0,20.0,56.0,4.0,3.0,27.0,114.0,0.225,0.279,0.429,0.707,90.0,0.306,87.0,183.0,7.0,6.0,0.0,3.0,1.0,53D/H,,candeje01,Jeimer Candelario,15000000.0,1,1,0,1/35/DH
83.0,31.0,SFG,NL,1.3,130.0,488.0,438.0,56.0,104.0,27.0,3.0,20.0,66.0,0.0,1.0,42.0,118.0,0.237,0.309,0.45,0.759,116.0,0.326,115.0,197.0,16.0,5.0,0.0,3.0,1.0,7DH,,confomi01,Michael Conforto,18000000.0,1,1,0,17/DH
84.0,37.0,PIT,NL,0.8,120.0,515.0,448.0,66.0,104.0,18.0,1.0,20.0,50.0,3.0,2.0,58.0,133.0,0.232,0.328,0.411,0.739,105.0,0.332,110.0,184.0,9.0,7.0,0.0,2.0,1.0,*D/9H,,mccutan01,Andrew McCutchen,5000000.0,1,1,0,19/DH
85.0,29.0,COL,NL,2.5,153.0,645.0,567.0,68.0,137.0,28.0,0.0,20.0,65.0,4.0,6.0,69.0,185.0,0.242,0.325,0.397,0.722,95.0,0.311,90.0,225.0,9.0,3.0,0.0,4.0,4.0,*5/DH,AS,mcmahry01,Ryan McMahon,12000000.0,1,1,1,1/5/DH
88.0,29.0,LAD,NL,3.5,128.0,544.0,476.0,77.0,118.0,24.0,2.0,20.0,75.0,1.0,1.0,51.0,105.0,0.248,0.327,0.433,0.76,116.0,0.327,112.0,206.0,8.0,9.0,0.0,8.0,6.0,*2/HD,AS,smithwi05,Will Smith,16550000.0,1,1,1,1/2/DH
88.0,29.0,LAD,NL,3.5,128.0,544.0,476.0,77.0,118.0,24.0,2.0,20.0,75.0,1.0,1.0,51.0,105.0,0.248,0.327,0.433,0.76,116.0,0.327,112.0,206.0,8.0,9.0,0.0,8.0,6.0,*2/HD,AS,smithwi05,Will Smith,5625000.0,1,1,1,1/2/DH
90.0,29.0,2TM,AL,1.7,154.0,648.0,549.0,77.0,120.0,33.0,0.0,20.0,60.0,20.0,10.0,73.0,169.0,0.219,0.332,0.388,0.72,109.0,0.323,113.0,213.0,7.0,22.0,0.0,4.0,0.0,*7/8DH,,arozara01,Randy Arozarena,8100000.0,1,0,0,18/7/DH
90.0,29.0,TBR,AL,0.7,100.0,409.0,350.0,45.0,74.0,19.0,0.0,15.0,37.0,16.0,7.0,45.0,101.0,0.211,0.318,0.394,0.712,104.0,0.316,104.0,138.0,3.0,11.0,0.0,3.0,0.0,7/8HD,,arozara01,Randy Arozarena,8100000.0,1,0,0,18/7/DH
90.0,29.0,SEA,AL,1.0,54.0,239.0,199.0,32.0,46.0,14.0,0.0,5.0,23.0,4.0,3.0,28.0,68.0,0.231,0.356,0.377,0.733,118.0,0.334,127.0,75.0,4.0,11.0,0.0,1.0,0.0,7/8D,,arozara01,Randy Arozarena,8100000.0,1,0,0,7/8/DH
91.0,31.0,LAD,NL,4.8,116.0,516.0,450.0,75.0,130.0,24.0,5.0,19.0,75.0,16.0,2.0,61.0,57.0,0.289,0.372,0.491,0.863,145.0,0.377,145.0,221.0,10.0,1.0,0.0,4.0,2.0,694/H,AS,bettsmo01,Mookie Betts,30000000.0,1,1,1,1/469
94.0,27.0,ATL,NL,2.9,110.0,469.0,425.0,63.0,109.0,26.0,2.0,19.0,56.0,0.0,0.0,37.0,118.0,0.256,0.322,0.461,0.783,115.0,0.343,117.0,196.0,6.0,5.0,0.0,2.0,0.0,*5,,rileyau01,Austin Riley,21000000.0,0,1,0,5
96.0,34.0,TOR,AL,1.1,145.0,614.0,545.0,74.0,120.0,19.0,3.0,19.0,56.0,16.0,1.0,60.0,115.0,0.22,0.303,0.371,0.674,92.0,0.312,97.0,202.0,16.0,6.0,0.0,2.0,0.0,*9D/H8,,springe01,George Springer,24166666.0,1,0,0,18/9/DH
97.0,27.0,CIN,NL,2.4,138.0,515.0,457.0,69.0,118.0,26.0,1.0,19.0,66.0,1.0,0.0,48.0,117.0,0.258,0.338,0.444,0.782,112.0,0.345,114.0,203.0,9.0,8.0,0.0,2.0,2.0,*2HD,,stephty01,Tyler Stephenson,2525000.0,0,1,0,12/DH
98.0,26.0,CHW,AL,0.2,149.0,619.0,570.0,55.0,140.0,30.0,1.0,19.0,70.0,2.0,0.0,38.0,132.0,0.246,0.297,0.402,0.699,99.0,0.305,96.0,229.0,13.0,6.0,0.0,5.0,0.0,*3D/H,,vaughan01,Andrew Vaughn,3250000.0,0,0,0,1/3/DH
99.0,31.0,2TM,NL,-0.6,145.0,603.0,538.0,62.0,134.0,23.0,2.0,19.0,71.0,0.0,1.0,51.0,120.0,0.249,0.319,0.405,0.725,97.0,0.32,98.0,218.0,22.0,6.0,0.0,3.0,1.0,3D/H,,belljo02,Josh Bell,16500000.0,1,1,0,1/3/DH
99.0,31.0,MIA,NL,-0.8,104.0,441.0,398.0,38.0,95.0,18.0,1.0,14.0,49.0,0.0,0.0,34.0,88.0,0.239,0.305,0.394,0.699,89.0,0.31,88.0,157.0,13.0,5.0,0.0,3.0,1.0,3D,,belljo02,Josh Bell,16500000.0,1,1,0,3/DH
99.0,31.0,ARI,NL,0.3,41.0,162.0,140.0,24.0,39.0,5.0,1.0,5.0,22.0,0.0,1.0,17.0,32.0,0.279,0.361,0.436,0.796,121.0,0.349,125.0,61.0,9.0,1.0,0.0,0.0,0.0,3/DH,,belljo02,Josh Bell,16500000.0,1,1,0,1/3/DH
100.0,25.0,2TM,2LG,2.7,153.0,641.0,542.0,64.0,129.0,25.0,1.0,19.0,80.0,1.0,1.0,76.0,105.0,0.238,0.346,0.393,0.739,112.0,0.331,115.0,213.0,17.0,17.0,0.0,6.0,2.0,*53D/H,AS,paredis01,Isaac Paredes,3400000.0,0,1,1,1/35/DH
100.0,25.0,TBR,AL,2.4,101.0,429.0,363.0,41.0,89.0,19.0,1.0,16.0,55.0,0.0,1.0,52.0,68.0,0.245,0.357,0.435,0.792,127.0,0.349,129.0,158.0,13.0,12.0,0.0,2.0,2.0,53D/H,,paredis01,Isaac Paredes,3400000.0,0,0,0,1/35/DH
100.0,25.0,CHC,NL,0.4,52.0,212.0,179.0,23.0,40.0,6.0,0.0,3.0,25.0,1.0,0.0,24.0,37.0,0.223,0.325,0.307,0.633,82.0,0.294,86.0,55.0,4.0,5.0,0.0,4.0,0.0,5/H,,paredis01,Isaac Paredes,3400000.0,0,1,0,1/5
101.0,28.0,CHC,NL,2.2,130.0,569.0,516.0,72.0,137.0,23.0,3.0,18.0,78.0,9.0,2.0,45.0,89.0,0.266,0.325,0.426,0.751,111.0,0.326,108.0,220.0,10.0,3.0,0.0,5.0,7.0,98D3/7,,bellico01,Cody Bellinger,27500000.0,1,1,0,389/7/DH
102.0,30.0,MIN,AL,3.6,102.0,388.0,355.0,62.0,99.0,27.0,3.0,18.0,56.0,7.0,2.0,20.0,99.0,0.279,0.335,0.524,0.859,137.0,0.369,136.0,186.0,3.0,11.0,0.0,2.0,1.0,8/HD,,buxtoby01,Byron Buxton,15142857.0,1,0,0,1/8/DH
105.0,30.0,ARI,NL,2.1,133.0,553.0,513.0,72.0,143.0,22.0,2.0,18.0,75.0,7.0,1.0,29.0,101.0,0.279,0.322,0.435,0.757,109.0,0.329,106.0,223.0,16.0,6.0,0.0,5.0,1.0,*7H/D3,,gurrilo01,Lourdes Gurriel Jr.,10000000.0,1,1,0,17/3/DH
106.0,29.0,BAL,AL,2.6,147.0,499.0,444.0,69.0,104.0,16.0,3.0,18.0,54.0,32.0,6.0,41.0,98.0,0.234,0.305,0.405,0.71,107.0,0.322,107.0,180.0,1.0,5.0,2.0,2.0,0.0,*8H/D,,mullice01,Cedric Mullins,6325000.0,1,0,0,18/DH
107.0,26.0,MIA,NL,0.7,149.0,537.0,489.0,60.0,123.0,25.0,1.0,18.0,64.0,16.0,2.0,41.0,140.0,0.252,0.313,0.417,0.731,97.0,0.326,96.0,204.0,12.0,4.0,1.0,2.0,2.0,*9HD7,,sanchje02,Jesús Sánchez,2100000.0,0,1,0,179/DH
109.0,27.0,TOR,AL,5.1,136.0,513.0,459.0,73.0,98.0,21.0,7.0,18.0,58.0,10.0,2.0,48.0,137.0,0.214,0.293,0.407,0.7,98.0,0.306,94.0,187.0,2.0,4.0,1.0,1.0,1.0,*87/H9D,,varshda01,Daulton Varsho,5650000.0,0,0,0,19/78/DH
111.0,33.0,SFG,NL,2.1,140.0,474.0,428.0,60.0,99.0,16.0,9.0,18.0,57.0,3.0,2.0,38.0,124.0,0.231,0.302,0.437,0.739,110.0,0.317,108.0,187.0,5.0,6.0,1.0,1.0,1.0,*9H/81,,yastrmi01,Mike Yastrzemski,7900000.0,1,1,0,18/19
112.0,29.0,ATL,NL,0.6,157.0,602.0,551.0,50.0,120.0,24.0,0.0,17.0,46.0,2.0,0.0,41.0,128.0,0.218,0.271,0.354,0.625,73.0,0.278,70.0,195.0,16.0,2.0,1.0,7.0,1.0,*6,,arciaor01,Orlando Arcia,2000000.0,1,1,0,6
113.0,30.0,SDP,NL,2.0,155.0,656.0,577.0,72.0,139.0,29.0,3.0,17.0,83.0,5.0,2.0,61.0,118.0,0.241,0.324,0.39,0.714,99.0,0.319,101.0,225.0,19.0,11.0,1.0,3.0,0.0,34/DH,,croneja01,Jake Cronenworth,7285714.0,1,1,0,1/34/DH
115.0,34.0,SDP,NL,1.4,84.0,263.0,246.0,29.0,54.0,10.0,1.0,17.0,45.0,2.0,0.0,15.0,74.0,0.22,0.263,0.476,0.739,101.0,0.324,103.0,117.0,3.0,0.0,1.0,1.0,0.0,2/H,,higasky01,Kyle Higashioka,2180000.0,1,1,0,1/2
117.0,33.0,STL,NL,2.5,152.0,635.0,578.0,70.0,157.0,23.0,0.0,16.0,71.0,2.0,2.0,44.0,92.0,0.272,0.325,0.394,0.719,101.0,0.315,99.0,228.0,15.0,5.0,0.0,7.0,2.0,*5/DH,,arenano01,Nolan Arenado,35000000.0,1,1,0,1/5/DH
119.0,23.0,ATL,NL,3.1,110.0,470.0,440.0,58.0,116.0,14.0,3.0,16.0,48.0,10.0,6.0,23.0,94.0,0.264,0.304,0.418,0.722,99.0,0.32,102.0,184.0,6.0,4.0,0.0,3.0,1.0,*8,,harrimi04,Michael Harris II,5000000.0,0,1,0,8
124.0,36.0,NYM,NL,0.5,120.0,495.0,434.0,46.0,102.0,24.0,1.0,16.0,69.0,0.0,0.0,49.0,141.0,0.235,0.32,0.406,0.725,106.0,0.321,108.0,176.0,17.0,6.0,0.0,2.0,0.0,*D/H,,martijd02,J.D. Martinez,12000000.0,1,1,0,1/DH
125.0,30.0,SEA,AL,1.4,118.0,469.0,417.0,43.0,89.0,11.0,0.0,16.0,45.0,4.0,2.0,46.0,137.0,0.213,0.296,0.355,0.651,93.0,0.294,96.0,148.0,16.0,4.0,0.0,2.0,3.0,*4/DH,,polanjo01,Jorge Polanco,10500000.0,1,0,0,1/4/DH
126.0,30.0,CHC,NL,4.0,149.0,593.0,534.0,82.0,129.0,27.0,2.0,16.0,66.0,19.0,3.0,54.0,144.0,0.242,0.312,0.39,0.701,98.0,0.313,96.0,208.0,7.0,2.0,0.0,3.0,2.0,*6/H,,swansda01,Dansby Swanson,26000000.0,1,1,0,1/6
129.0,27.0,PHI,NL,3.0,143.0,606.0,554.0,62.0,155.0,44.0,2.0,15.0,97.0,5.0,2.0,40.0,86.0,0.28,0.332,0.448,0.779,117.0,0.34,117.0,248.0,18.0,6.0,0.0,6.0,2.0,*53/DH,AS,bohmal01,Alec Bohm,4000000.0,0,1,1,1/35/DH
130.0,32.0,STL,NL,2.9,84.0,358.0,301.0,48.0,79.0,17.0,0.0,15.0,36.0,4.0,1.0,45.0,96.0,0.262,0.38,0.468,0.848,136.0,0.37,137.0,141.0,7.0,12.0,0.0,0.0,2.0,2D/H,,contrwi01,Willson Contreras,18000000.0,1,1,0,1/2/DH
131.0,35.0,ATL,NL,1.1,99.0,341.0,307.0,40.0,73.0,16.0,0.0,15.0,48.0,1.0,0.0,24.0,89.0,0.238,0.302,0.436,0.739,103.0,0.32,101.0,134.0,8.0,6.0,0.0,4.0,0.0,2H,,darnatr01,Travis d'Arnaud,8000000.0,1,1,0,12
133.0,33.0,SEA,AL,-0.1,114.0,430.0,367.0,37.0,63.0,17.0,0.0,15.0,51.0,0.0,0.0,53.0,133.0,0.172,0.286,0.341,0.627,85.0,0.282,88.0,125.0,9.0,7.0,0.0,3.0,0.0,D2/H,,garvemi01,Mitch Garver,10500000.0,1,0,0,1/2/DH
134.0,27.0,CIN,NL,1.7,151.0,637.0,533.0,84.0,132.0,28.0,2.0,15.0,58.0,13.0,2.0,80.0,125.0,0.248,0.357,0.392,0.75,105.0,0.34,108.0,209.0,16.0,15.0,2.0,7.0,0.0,*4D/H,,indiajo01,Jonathan India,3800000.0,0,1,0,1/4/DH
137.0,33.0,LAD,NL,3.0,73.0,293.0,237.0,47.0,55.0,17.0,0.0,15.0,48.0,1.0,0.0,45.0,77.0,0.232,0.358,0.494,0.852,141.0,0.361,136.0,117.0,1.0,5.0,0.0,6.0,3.0,5/H,,muncyma01,Max Muncy,9500000.0,1,1,0,1/5
138.0,30.0,BAL,AL,2.0,142.0,494.0,443.0,60.0,117.0,21.0,3.0,15.0,59.0,3.0,1.0,46.0,69.0,0.264,0.334,0.427,0.761,122.0,0.337,125.0,189.0,7.0,2.0,0.0,3.0,2.0,3DH9/7,,ohearry01,Ryan O'Hearn,3500000.0,1,0,0,139/7/DH
140.0,23.0,BOS,AL,2.8,152.0,571.0,544.0,70.0,134.0,23.0,5.0,15.0,75.0,19.0,10.0,15.0,151.0,0.246,0.274,0.39,0.664,82.0,0.299,85.0,212.0,8.0,7.0,2.0,3.0,1.0,864/5H9,,rafaece01,Ceddanne Rafaela,1250000.0,0,0,0,159/468
141.0,32.0,KCR,AL,0.0,120.0,424.0,385.0,44.0,88.0,18.0,0.0,15.0,52.0,1.0,1.0,36.0,84.0,0.229,0.297,0.392,0.689,92.0,0.308,94.0,151.0,10.0,2.0,0.0,1.0,0.0,*9/HD3,,renfrhu01,Hunter Renfroe,5570000.0,1,0,0,13/9/DH
142.0,27.0,NYY,AL,1.8,154.0,665.0,587.0,80.0,151.0,26.0,0.0,15.0,63.0,4.0,3.0,65.0,136.0,0.257,0.33,0.378,0.709,101.0,0.318,103.0,222.0,6.0,3.0,2.0,8.0,0.0,*4/H,,torregl01,Gleyber Torres,14200000.0,0,0,0,1/4
144.0,28.0,2TM,2LG,0.3,130.0,528.0,472.0,65.0,112.0,26.0,3.0,15.0,63.0,32.0,14.0,44.0,137.0,0.237,0.309,0.4,0.709,101.0,0.315,101.0,189.0,5.0,7.0,0.0,5.0,1.0,*98/HD,,thomala02,Lane Thomas,5450000.0,1,1,0,1/89/DH
144.0,28.0,WSN,NL,0.5,77.0,341.0,300.0,42.0,76.0,16.0,3.0,8.0,40.0,28.0,12.0,32.0,72.0,0.253,0.331,0.407,0.738,109.0,0.334,115.0,122.0,4.0,5.0,0.0,4.0,0.0,9/8D,,thomala02,Lane Thomas,5450000.0,1,1,0,8/9/DH
144.0,28.0,CLE,AL,-0.2,53.0,187.0,172.0,23.0,36.0,10.0,0.0,7.0,23.0,4.0,2.0,12.0,65.0,0.209,0.267,0.39,0.657,85.0,0.28,76.0,67.0,1.0,2.0,0.0,1.0,1.0,89/HD,,thomala02,Lane Thomas,5450000.0,1,0,0,1/89/DH
146.0,31.0,OAK,AL,-0.6,124.0,400.0,372.0,32.0,86.0,11.0,1.0,14.0,44.0,4.0,2.0,25.0,112.0,0.231,0.283,0.379,0.662,91.0,0.291,90.0,141.0,7.0,2.0,0.0,1.0,0.0,739H/D8,,brownse01,Seth Brown,2600000.0,1,0,0,1379/8/DH
147.0,29.0,MIN,AL,3.7,86.0,367.0,319.0,55.0,99.0,20.0,2.0,14.0,54.0,0.0,0.0,40.0,61.0,0.31,0.388,0.517,0.905,152.0,0.393,155.0,165.0,5.0,3.0,0.0,4.0,4.0,6/DH,AS,correca01,Carlos Correa,33333333.0,1,0,1,1/6/DH
154.0,33.0,PHI,NL,3.0,99.0,413.0,380.0,50.0,101.0,18.0,1.0,14.0,47.0,2.0,2.0,27.0,102.0,0.266,0.322,0.429,0.751,109.0,0.331,112.0,163.0,7.0,5.0,0.0,1.0,1.0,2,,realmjt01,J.T. Realmuto,23875000.0,1,1,0,2
155.0,26.0,CHW,AL,1.4,100.0,425.0,393.0,47.0,88.0,19.0,0.0,14.0,35.0,23.0,6.0,28.0,141.0,0.224,0.278,0.379,0.657,87.0,0.298,88.0,149.0,8.0,2.0,0.0,1.0,2.0,8/DH,,roberlu01,Luis Robert Jr.,12500000.0,0,0,0,1/8/DH
156.0,30.0,2TM,NL,2.0,145.0,508.0,430.0,63.0,109.0,23.0,0.0,14.0,58.0,14.0,4.0,63.0,106.0,0.253,0.36,0.405,0.764,118.0,0.344,122.0,174.0,12.0,10.0,2.0,3.0,2.0,7DH9,,winkeje01,Jesse Winker,2000000.0,1,1,0,179/DH
156.0,30.0,WSN,NL,1.9,101.0,379.0,315.0,51.0,81.0,18.0,0.0,11.0,45.0,14.0,4.0,53.0,84.0,0.257,0.374,0.419,0.793,126.0,0.358,131.0,132.0,9.0,7.0,2.0,2.0,2.0,7D/H9,,winkeje01,Jesse Winker,2000000.0,1,1,0,19/7/DH
156.0,30.0,NYM,NL,0.1,44.0,129.0,115.0,12.0,28.0,5.0,0.0,3.0,13.0,0.0,0.0,10.0,22.0,0.243,0.318,0.365,0.683,95.0,0.303,95.0,42.0,3.0,3.0,0.0,1.0,0.0,97HD,,winkeje01,Jesse Winker,2000000.0,1,1,0,179/DH
161.0,29.0,TEX,AL,1.1,131.0,491.0,459.0,45.0,101.0,12.0,1.0,13.0,59.0,1.0,1.0,26.0,90.0,0.22,0.267,0.336,0.602,72.0,0.268,71.0,154.0,13.0,4.0,0.0,2.0,0.0,*2DH,,heimjo01,Jonah Heim,3050000.0,1,0,0,12/DH
162.0,22.0,DET,AL,1.1,148.0,556.0,516.0,54.0,134.0,15.0,4.0,13.0,61.0,7.0,1.0,36.0,110.0,0.26,0.309,0.38,0.689,96.0,0.308,95.0,196.0,4.0,2.0,0.0,2.0,2.0,*4DH,,keithco01,Colt Keith,2833333.0,0,0,0,14/DH
164.0,27.0,BAL,AL,2.6,124.0,507.0,473.0,54.0,128.0,30.0,2.0,13.0,63.0,3.0,0.0,27.0,114.0,0.271,0.308,0.425,0.733,113.0,0.323,114.0,201.0,13.0,1.0,0.0,6.0,0.0,*3H/D,,mountry01,Ryan Mountcastle,4137500.0,0,0,0,13/DH
168.0,27.0,COL,NL,1.0,135.0,539.0,501.0,67.0,134.0,29.0,1.0,13.0,54.0,1.0,0.0,31.0,132.0,0.267,0.314,0.407,0.721,94.0,0.317,92.0,204.0,12.0,4.0,1.0,2.0,1.0,*4/DH,,rodgebr02,Brendan Rodgers,3200000.0,0,1,0,1/4/DH
169.0,25.0,WSN,NL,0.6,127.0,485.0,459.0,46.0,105.0,21.0,0.0,13.0,57.0,3.0,1.0,16.0,54.0,0.229,0.26,0.359,0.619,74.0,0.27,70.0,165.0,13.0,5.0,0.0,5.0,0.0,*2D/H,,ruizke01,Keibert Ruiz,6375000.0,0,1,0,1/2/DH
175.0,28.0,NYY,AL,0.7,149.0,621.0,559.0,74.0,130.0,28.0,1.0,13.0,61.0,2.0,1.0,49.0,93.0,0.233,0.291,0.356,0.647,83.0,0.288,81.0,199.0,14.0,1.0,2.0,10.0,0.0,*79/8,,verdual01,Alex Verdugo,9200000.0,1,0,0,79/8
179.0,29.0,2TM,2LG,-0.6,140.0,535.0,479.0,46.0,112.0,24.0,0.0,13.0,51.0,1.0,1.0,38.0,114.0,0.234,0.305,0.365,0.67,92.0,0.301,95.0,175.0,16.0,13.0,0.0,5.0,0.0,*3/DH4,,francty01,Ty France,6775000.0,1,1,0,14/3/DH
179.0,29.0,SEA,AL,-0.2,88.0,340.0,300.0,28.0,67.0,14.0,0.0,8.0,31.0,0.0,1.0,28.0,83.0,0.223,0.312,0.35,0.662,97.0,0.3,102.0,105.0,11.0,11.0,0.0,1.0,0.0,3/H4D,,francty01,Ty France,6775000.0,1,0,0,14/3/DH
179.0,29.0,CIN,NL,-0.4,52.0,195.0,179.0,18.0,45.0,10.0,0.0,5.0,20.0,1.0,0.0,10.0,31.0,0.251,0.292,0.391,0.683,85.0,0.302,83.0,70.0,5.0,2.0,0.0,4.0,0.0,3/DH,,francty01,Ty France,6775000.0,1,1,0,1/3/DH
180.0,30.0,NYM,NL,1.0,143.0,437.0,402.0,57.0,95.0,19.0,0.0,12.0,51.0,17.0,8.0,21.0,95.0,0.236,0.284,0.373,0.657,86.0,0.287,84.0,150.0,6.0,8.0,0.0,6.0,1.0,*8H/D,,baderha01,Harrison Bader,10500000.0,1,1,0,18/DH
181.0,28.0,MIL,NL,-0.4,116.0,346.0,302.0,45.0,60.0,9.0,2.0,12.0,43.0,13.0,1.0,39.0,118.0,0.199,0.301,0.361,0.662,83.0,0.3,80.0,109.0,0.0,5.0,0.0,0.0,1.0,3HD9/71,,bauerja01,Jake Bauers,1350000.0,1,1,0,139/17/DH
182.0,37.0,COL,NL,0.6,124.0,499.0,449.0,59.0,115.0,24.0,5.0,12.0,52.0,6.0,2.0,43.0,86.0,0.256,0.329,0.412,0.741,100.0,0.329,100.0,185.0,4.0,6.0,0.0,1.0,2.0,D9H/8,,blackch02,Charlie Blackmon,14500000.0,1,1,0,19/8/DH
183.0,27.0,MIN,AL,1.6,158.0,635.0,558.0,89.0,138.0,31.0,5.0,12.0,60.0,14.0,9.0,51.0,150.0,0.247,0.331,0.385,0.717,102.0,0.326,108.0,215.0,8.0,21.0,1.0,4.0,0.0,64785/H1,AS,castrwi01,Willi Castro,3300000.0,0,0,1,11/45678
185.0,32.0,ARI,NL,2.2,106.0,279.0,254.0,40.0,74.0,20.0,2.0,12.0,46.0,0.0,0.0,20.0,46.0,0.291,0.348,0.528,0.875,140.0,0.377,142.0,134.0,5.0,3.0,0.0,2.0,0.0,9DH7,,grichra01,Randal Grichuk,1500000.0,1,1,0,179/DH
186.0,33.0,SEA,AL,-0.2,121.0,423.0,380.0,42.0,79.0,12.0,0.0,12.0,44.0,0.0,0.0,40.0,126.0,0.208,0.286,0.334,0.62,84.0,0.281,87.0,127.0,10.0,2.0,0.0,1.0,0.0,9DH,,hanigmi01,Mitch Haniger,20000000.0,1,0,0,19/DH
190.0,32.0,NYM,NL,1.6,129.0,472.0,424.0,57.0,101.0,26.0,0.0,12.0,44.0,5.0,1.0,35.0,68.0,0.238,0.308,0.384,0.692,97.0,0.308,98.0,163.0,6.0,9.0,1.0,3.0,1.0,*497/H,,mcneije01,Jeff McNeil,10250000.0,1,1,0,1/479
192.0,25.0,TEX,AL,0.5,151.0,529.0,480.0,59.0,110.0,17.0,3.0,12.0,44.0,23.0,6.0,42.0,112.0,0.229,0.289,0.352,0.641,84.0,0.293,84.0,169.0,8.0,0.0,3.0,4.0,0.0,*8/HD,,taverle01,Leody Taveras,2550000.0,0,0,0,1/8/DH
195.0,31.0,SDP,NL,1.2,111.0,463.0,428.0,50.0,113.0,15.0,1.0,11.0,44.0,13.0,3.0,28.0,79.0,0.264,0.307,0.381,0.688,92.0,0.307,90.0,163.0,13.0,1.0,0.0,6.0,0.0,46/DH,,bogaexa01,Xander Bogaerts,25454545.0,1,1,0,1/46/DH
197.0,35.0,ATL,NL,-1.4,104.0,330.0,303.0,29.0,55.0,10.0,0.0,11.0,30.0,0.0,0.0,21.0,99.0,0.182,0.245,0.323,0.569,57.0,0.262,59.0,98.0,6.0,5.0,0.0,1.0,0.0,79H/D,,duvalad01,Adam Duvall,3000000.0,1,1,0,179/DH
200.0,33.0,BOS,AL,0.8,93.0,307.0,272.0,32.0,77.0,16.0,1.0,11.0,40.0,2.0,2.0,28.0,78.0,0.283,0.359,0.471,0.83,129.0,0.354,126.0,128.0,6.0,5.0,0.0,1.0,2.0,79HD,,refsnro01,Rob Refsnyder,1850000.0,1,0,0,179/DH
201.0,31.0,MIL,NL,0.2,89.0,280.0,245.0,30.0,54.0,7.0,1.0,11.0,37.0,0.0,0.0,27.0,76.0,0.22,0.307,0.392,0.699,93.0,0.312,94.0,96.0,9.0,5.0,0.0,3.0,0.0,D2H/3,,sanchga02,Gary Sánchez,3000000.0,1,1,0,12/3/DH
204.0,32.0,MIL,NL,2.2,73.0,315.0,270.0,44.0,85.0,12.0,3.0,11.0,42.0,21.0,1.0,40.0,58.0,0.315,0.406,0.504,0.909,151.0,0.404,151.0,136.0,3.0,2.0,1.0,1.0,3.0,7D,AS,yelicch01,Christian Yelich,26000000.0,1,1,1,7/DH
205.0,39.0,2TM,AL,1.5,139.0,539.0,460.0,59.0,119.0,24.0,0.0,11.0,55.0,0.0,2.0,59.0,95.0,0.259,0.354,0.383,0.737,114.0,0.328,116.0,176.0,16.0,13.0,0.0,7.0,2.0,D3H/5,,turneju01,Justin Turner,13500000.0,1,0,0,13/5/DH
205.0,39.0,TOR,AL,0.4,91.0,349.0,301.0,37.0,77.0,17.0,0.0,6.0,31.0,0.0,2.0,39.0,60.0,0.256,0.35,0.372,0.722,107.0,0.321,109.0,112.0,15.0,6.0,0.0,3.0,0.0,D3/H5,,turneju01,Justin Turner,13500000.0,1,0,0,15/3/DH
205.0,39.0,SEA,AL,1.2,48.0,190.0,159.0,22.0,42.0,7.0,0.0,5.0,24.0,0.0,0.0,20.0,35.0,0.264,0.363,0.403,0.766,128.0,0.341,130.0,64.0,1.0,7.0,0.0,4.0,2.0,3D/H5,,turneju01,Justin Turner,13500000.0,1,0,0,15/3/DH
207.0,27.0,ATL,NL,1.6,99.0,435.0,399.0,52.0,100.0,29.0,1.0,10.0,53.0,8.0,1.0,27.0,65.0,0.251,0.303,0.404,0.707,95.0,0.313,93.0,161.0,6.0,5.0,0.0,4.0,0.0,4,,albieoz01,Ozzie Albies,7000000.0,0,1,0,4
209.0,30.0,WSN,NL,0.3,76.0,260.0,223.0,24.0,36.0,9.0,0.0,10.0,27.0,3.0,1.0,32.0,102.0,0.161,0.277,0.336,0.613,74.0,0.282,78.0,75.0,1.0,4.0,0.0,1.0,0.0,3/9HD7,,gallojo01,Joey Gallo,5200000.0,1,1,0,179/3/DH
212.0,26.0,LAD,NL,2.1,139.0,487.0,439.0,59.0,110.0,24.0,2.0,10.0,50.0,5.0,2.0,44.0,110.0,0.251,0.32,0.383,0.703,101.0,0.314,103.0,168.0,8.0,2.0,0.0,2.0,0.0,*4H/6,,luxga01,Gavin Lux,1225000.0,0,1,0,14/6
213.0,31.0,SEA,AL,2.2,135.0,441.0,368.0,53.0,74.0,23.0,4.0,10.0,42.0,32.0,6.0,53.0,123.0,0.201,0.32,0.367,0.687,104.0,0.322,109.0,135.0,8.0,14.0,1.0,5.0,1.0,6547H3/8,,mooredy01,Dylan Moore,3133333.0,1,0,0,134567/8
214.0,29.0,ATL,NL,1.3,72.0,264.0,233.0,19.0,45.0,5.0,1.0,10.0,25.0,0.0,0.0,27.0,67.0,0.193,0.284,0.352,0.636,76.0,0.293,81.0,82.0,7.0,3.0,0.0,1.0,1.0,2/H,,murphse01,Sean Murphy,9000000.0,1,1,0,1/2
215.0,29.0,DET,AL,1.0,102.0,337.0,310.0,43.0,61.0,16.0,1.0,10.0,36.0,1.0,0.0,22.0,99.0,0.197,0.255,0.352,0.607,71.0,0.27,69.0,109.0,6.0,3.0,0.0,2.0,1.0,2/DH,,rogerja03,Jake Rogers,1700000.0,1,0,0,1/2/DH
218.0,32.0,LAA,AL,1.1,29.0,126.0,109.0,17.0,24.0,1.0,2.0,10.0,14.0,6.0,1.0,16.0,27.0,0.22,0.325,0.541,0.867,140.0,0.372,136.0,59.0,0.0,1.0,0.0,0.0,1.0,8/D,,troutmi01,Mike Trout,37116666.0,1,0,0,8/DH
219.0,30.0,BOS,AL,1.4,108.0,421.0,378.0,45.0,106.0,21.0,0.0,10.0,56.0,2.0,0.0,27.0,52.0,0.28,0.349,0.415,0.765,112.0,0.341,114.0,157.0,6.0,14.0,0.0,2.0,0.0,DH/7,,yoshima02,Masataka Yoshida,18600000.0,1,0,0,1/7/DH
223.0,27.0,NYY,AL,0.4,76.0,209.0,179.0,21.0,34.0,8.0,0.0,9.0,31.0,1.0,1.0,22.0,57.0,0.19,0.29,0.385,0.675,90.0,0.306,95.0,69.0,5.0,4.0,1.0,2.0,1.0,8H/D,,grishtr01,Trent Grisham,5500000.0,0,0,0,18/DH
224.0,29.0,SEA,AL,2.7,105.0,451.0,392.0,55.0,79.0,16.0,2.0,9.0,37.0,5.0,0.0,52.0,102.0,0.202,0.304,0.321,0.625,86.0,0.286,89.0,126.0,4.0,6.0,0.0,1.0,0.0,6/HD,,crawfjp01,J.P. Crawford,11000000.0,1,0,0,1/6/DH
225.0,29.0,CIN,NL,-0.4,118.0,391.0,357.0,32.0,88.0,12.0,0.0,9.0,45.0,11.0,1.0,24.0,54.0,0.246,0.295,0.356,0.65,77.0,0.294,73.0,127.0,7.0,2.0,4.0,4.0,1.0,54HD/679,,espinsa01,Santiago Espinal,2725000.0,1,1,0,145/679/DH
228.0,35.0,PIT,NL,0.6,72.0,243.0,215.0,26.0,49.0,10.0,0.0,9.0,27.0,1.0,0.0,24.0,46.0,0.228,0.304,0.4,0.704,95.0,0.327,105.0,86.0,7.0,0.0,3.0,1.0,0.0,2/H3,,grandya01,Yasmani Grandal,2500000.0,1,1,0,13/2
229.0,31.0,PIT,NL,0.6,123.0,416.0,364.0,49.0,83.0,22.0,1.0,9.0,36.0,2.0,2.0,44.0,91.0,0.228,0.32,0.368,0.688,92.0,0.306,92.0,134.0,7.0,6.0,0.0,2.0,1.0,39H/7D,,joeco01,Connor Joe,2125000.0,1,1,0,139/7/DH
233.0,28.0,ARI,NL,0.6,60.0,158.0,137.0,26.0,37.0,11.0,0.0,9.0,36.0,1.0,0.0,18.0,31.0,0.27,0.348,0.547,0.896,145.0,0.382,145.0,75.0,4.0,0.0,0.0,3.0,0.0,397H/D1,,smithpa04,Pavin Smith,1000000.0,1,1,0,1/1379/DH
235.0,34.0,COL,NL,1.7,82.0,281.0,243.0,31.0,64.0,17.0,1.0,9.0,36.0,0.0,0.0,27.0,65.0,0.263,0.357,0.453,0.81,118.0,0.355,119.0,110.0,10.0,9.0,1.0,1.0,1.0,2/HD,,stallja01,Jacob Stallings,1500000.0,1,1,0,1/2/DH
239.0,29.0,2TM,AL,0.5,91.0,313.0,281.0,32.0,67.0,9.0,1.0,9.0,37.0,0.0,0.0,25.0,55.0,0.238,0.313,0.374,0.687,96.0,0.305,95.0,105.0,6.0,6.0,0.0,1.0,0.0,2/DH,,kellyca02,Carson Kelly,3500000.0,1,0,0,1/2/DH
239.0,29.0,DET,AL,0.7,60.0,203.0,179.0,21.0,43.0,4.0,1.0,7.0,29.0,0.0,0.0,17.0,40.0,0.24,0.325,0.391,0.716,104.0,0.315,102.0,70.0,3.0,6.0,0.0,1.0,0.0,2/HD,,kellyca02,Carson Kelly,3500000.0,1,0,0,1/2/DH
239.0,29.0,TEX,AL,-0.2,31.0,110.0,102.0,11.0,24.0,5.0,0.0,2.0,8.0,0.0,0.0,8.0,15.0,0.235,0.291,0.343,0.634,82.0,0.286,83.0,35.0,3.0,0.0,0.0,0.0,0.0,2/DH,,kellyca02,Carson Kelly,3500000.0,1,0,0,1/2/DH
240.0,29.0,2TM,AL,0.7,92.0,324.0,278.0,35.0,57.0,13.0,0.0,9.0,24.0,0.0,0.0,40.0,61.0,0.205,0.309,0.349,0.658,87.0,0.302,91.0,97.0,4.0,3.0,0.0,3.0,0.0,2H/D,,janseda01,Danny Jansen,5200000.0,1,0,0,12/DH
240.0,29.0,TOR,AL,0.6,62.0,228.0,198.0,27.0,42.0,13.0,0.0,6.0,18.0,0.0,0.0,25.0,42.0,0.212,0.303,0.369,0.671,91.0,0.3,92.0,73.0,1.0,2.0,0.0,3.0,0.0,2/HD,,janseda01,Danny Jansen,5200000.0,1,0,0,1/2/DH
240.0,29.0,BOS,AL,0.1,30.0,96.0,80.0,8.0,15.0,0.0,0.0,3.0,6.0,0.0,0.0,15.0,19.0,0.188,0.323,0.3,0.623,75.0,0.307,90.0,24.0,3.0,1.0,0.0,0.0,0.0,2/HD,,janseda01,Danny Jansen,5200000.0,1,0,0,1/2/DH
242.0,36.0,3TM,2LG,-0.1,116.0,478.0,440.0,49.0,109.0,20.0,3.0,9.0,39.0,7.0,3.0,35.0,106.0,0.248,0.305,0.368,0.674,91.0,0.308,96.0,162.0,5.0,2.0,0.0,1.0,0.0,978/DH,,phamth01,Tommy Pham,3900000.0,1,1,0,1/789/DH
242.0,36.0,2TM,AL,0.2,93.0,401.0,372.0,42.0,95.0,17.0,2.0,7.0,27.0,7.0,3.0,28.0,90.0,0.255,0.309,0.368,0.678,93.0,0.312,100.0,137.0,3.0,1.0,0.0,0.0,0.0,987/DH,,phamth01,Tommy Pham,3900000.0,1,0,0,1/789/DH
242.0,36.0,CHW,AL,0.0,70.0,297.0,271.0,33.0,72.0,14.0,1.0,5.0,19.0,6.0,3.0,25.0,63.0,0.266,0.33,0.38,0.71,104.0,0.327,112.0,103.0,2.0,1.0,0.0,0.0,0.0,987/HD,,phamth01,Tommy Pham,3900000.0,1,0,0,1/789/DH
242.0,36.0,STL,NL,-0.3,23.0,77.0,68.0,7.0,14.0,3.0,1.0,2.0,12.0,0.0,0.0,7.0,16.0,0.206,0.286,0.368,0.653,82.0,0.285,77.0,25.0,2.0,1.0,0.0,1.0,0.0,7/9HD,,phamth01,Tommy Pham,3900000.0,1,1,0,19/7/DH
242.0,36.0,KCR,AL,0.1,23.0,104.0,101.0,9.0,23.0,3.0,1.0,2.0,8.0,1.0,0.0,3.0,27.0,0.228,0.25,0.337,0.587,64.0,0.272,66.0,34.0,1.0,0.0,0.0,0.0,0.0,7/9D,,phamth01,Tommy Pham,3900000.0,1,0,0,7/9/DH
250.0,30.0,HOU,AL,1.3,87.0,274.0,245.0,30.0,66.0,8.0,1.0,8.0,30.0,0.0,1.0,23.0,53.0,0.269,0.336,0.408,0.744,113.0,0.325,113.0,100.0,6.0,3.0,0.0,3.0,1.0,2H3/D,,caratvi01,Victor Caratini,6000000.0,1,0,0,123/DH
256.0,31.0,MIN,AL,1.0,105.0,399.0,368.0,43.0,93.0,21.0,1.0,8.0,42.0,1.0,0.0,22.0,80.0,0.253,0.302,0.38,0.682,91.0,0.315,98.0,140.0,3.0,5.0,0.0,3.0,0.0,9H/D,,keplema01,Max Kepler,10000000.0,1,0,0,19/DH
258.0,34.0,BAL,AL,0.8,65.0,233.0,214.0,27.0,50.0,9.0,0.0,8.0,31.0,1.0,0.0,13.0,56.0,0.234,0.279,0.388,0.667,94.0,0.293,93.0,83.0,3.0,2.0,0.0,4.0,0.0,1-Feb,,mccanja02,James McCann,12150000.0,1,0,0,1
261.0,36.0,SDP,NL,0.8,91.0,260.0,236.0,35.0,63.0,11.0,0.0,8.0,28.0,2.0,0.0,22.0,54.0,0.267,0.335,0.415,0.75,109.0,0.335,112.0,98.0,3.0,2.0,0.0,0.0,0.0,9HD7,,peralda01,David Peralta,1000000.0,1,1,0,179/DH
262.0,34.0,NYY,AL,0.2,92.0,375.0,337.0,38.0,77.0,12.0,0.0,8.0,35.0,0.0,0.0,27.0,65.0,0.228,0.301,0.335,0.637,81.0,0.297,88.0,113.0,7.0,9.0,0.0,2.0,0.0,3/H,,rizzoan01,Anthony Rizzo,17000000.0,1,0,0,1/3
264.0,30.0,SEA,AL,2.2,142.0,476.0,422.0,48.0,95.0,19.0,2.0,8.0,31.0,10.0,4.0,46.0,108.0,0.225,0.304,0.336,0.641,91.0,0.289,92.0,142.0,6.0,3.0,1.0,2.0,1.0,*5H4/713D,,rojasjo01,Josh Rojas,3100000.0,1,0,0,137/145/DH
265.0,36.0,SDP,NL,0.9,96.0,309.0,283.0,31.0,81.0,13.0,0.0,8.0,35.0,2.0,1.0,22.0,65.0,0.286,0.343,0.417,0.76,112.0,0.339,116.0,118.0,6.0,3.0,0.0,1.0,0.0,5DH3/4,,solando01,Donovan Solano,1000000.0,1,1,0,135/4/DH
267.0,31.0,NYY,AL,0.6,73.0,234.0,209.0,26.0,45.0,5.0,0.0,8.0,28.0,1.0,0.0,20.0,41.0,0.215,0.288,0.354,0.642,81.0,0.287,80.0,74.0,12.0,2.0,1.0,2.0,0.0,2/H1,,trevijo01,Jose Trevino,2730000.0,1,0,0,11/2
269.0,30.0,SFG,NL,2.1,117.0,401.0,331.0,45.0,86.0,16.0,0.0,8.0,34.0,2.0,1.0,62.0,90.0,0.26,0.38,0.381,0.761,121.0,0.337,122.0,126.0,2.0,4.0,1.0,3.0,5.0,3H9/D7,,wadela01,LaMonte Wade Jr.,3500000.0,1,1,0,139/7/DH
270.0,32.0,CHC,NL,-0.4,75.0,174.0,158.0,16.0,27.0,7.0,2.0,8.0,23.0,5.0,0.0,10.0,59.0,0.171,0.237,0.392,0.629,75.0,0.276,68.0,62.0,1.0,4.0,1.0,1.0,0.0,H35D/9471,,wisdopa01,Patrick Wisdom,2725000.0,1,1,0,135/1479/DH
271.0,35.0,2TM,AL,0.4,100.0,314.0,284.0,38.0,65.0,16.0,1.0,8.0,45.0,12.0,3.0,16.0,69.0,0.229,0.291,0.377,0.667,88.0,0.298,86.0,107.0,10.0,10.0,1.0,3.0,0.0,8H79D,,pillake01,Kevin Pillar,1000000.0,1,0,0,1789/DH
271.0,35.0,CHW,AL,0.0,17.0,32.0,25.0,1.0,4.0,2.0,0.0,1.0,4.0,2.0,0.0,4.0,8.0,0.16,0.29,0.36,0.65,86.0,0.303,83.0,9.0,0.0,1.0,1.0,1.0,0.0,/H89D,,pillake01,Kevin Pillar,1000000.0,1,0,0,189/DH
271.0,35.0,LAA,AL,0.3,83.0,282.0,259.0,37.0,61.0,14.0,1.0,7.0,41.0,10.0,3.0,12.0,61.0,0.236,0.291,0.378,0.669,88.0,0.298,86.0,98.0,10.0,9.0,0.0,2.0,0.0,8H79/D,,pillake01,Kevin Pillar,1000000.0,1,0,0,1789/DH
272.0,29.0,2TM,2LG,3.6,133.0,496.0,465.0,53.0,125.0,18.0,4.0,8.0,43.0,11.0,2.0,16.0,78.0,0.269,0.306,0.376,0.683,92.0,0.308,93.0,175.0,12.0,10.0,3.0,2.0,0.0,456/H18,,kineris01,Isiah Kiner-Falefa,7500000.0,1,1,0,118/456
272.0,29.0,TOR,AL,3.2,83.0,281.0,257.0,32.0,75.0,8.0,2.0,7.0,33.0,3.0,1.0,13.0,37.0,0.292,0.338,0.42,0.758,116.0,0.338,119.0,108.0,9.0,6.0,3.0,2.0,0.0,456/H18,,kineris01,Isiah Kiner-Falefa,7500000.0,1,0,0,118/456
272.0,29.0,PIT,NL,0.4,50.0,215.0,208.0,21.0,50.0,10.0,2.0,1.0,10.0,8.0,1.0,3.0,41.0,0.24,0.265,0.322,0.587,63.0,0.27,60.0,67.0,3.0,4.0,0.0,0.0,0.0,64/5H,,kineris01,Isiah Kiner-Falefa,7500000.0,1,1,0,15/46
274.0,35.0,2TM,2LG,0.5,125.0,462.0,393.0,46.0,95.0,20.0,0.0,7.0,42.0,7.0,0.0,51.0,96.0,0.242,0.344,0.346,0.69,99.0,0.321,104.0,136.0,10.0,13.0,0.0,5.0,2.0,3D7H9/5,,canhama01,Mark Canha,11500000.0,1,1,0,1379/5/DH
274.0,35.0,DET,AL,0.6,93.0,377.0,320.0,42.0,74.0,17.0,0.0,7.0,38.0,4.0,0.0,42.0,79.0,0.231,0.337,0.35,0.687,97.0,0.32,103.0,112.0,9.0,11.0,0.0,4.0,2.0,3D79/H,,canhama01,Mark Canha,11500000.0,1,0,0,1/379/DH
274.0,35.0,SFG,NL,-0.1,32.0,85.0,73.0,4.0,21.0,3.0,0.0,0.0,4.0,3.0,0.0,9.0,17.0,0.288,0.376,0.329,0.705,107.0,0.326,108.0,24.0,1.0,2.0,0.0,1.0,0.0,3H/97D5,,canhama01,Mark Canha,11500000.0,1,1,0,13/579/DH
275.0,31.0,COL,NL,-0.7,123.0,346.0,323.0,42.0,81.0,16.0,5.0,7.0,37.0,5.0,2.0,18.0,98.0,0.251,0.29,0.396,0.686,84.0,0.297,77.0,128.0,6.0,1.0,1.0,3.0,1.0,*97H/8D,,caveja01,Jake Cave,1000000.0,1,1,0,179/8/DH
279.0,27.0,CHC,NL,3.7,151.0,641.0,582.0,86.0,159.0,35.0,1.0,7.0,48.0,31.0,6.0,44.0,66.0,0.273,0.335,0.373,0.708,101.0,0.327,105.0,217.0,8.0,12.0,0.0,3.0,1.0,*46/H,,hoernni01,Nico Hoerner,11500000.0,0,1,0,1/46
281.0,35.0,NYM,NL,0.7,94.0,370.0,335.0,46.0,90.0,13.0,3.0,7.0,40.0,16.0,1.0,27.0,81.0,0.269,0.327,0.388,0.715,104.0,0.328,107.0,130.0,8.0,3.0,3.0,2.0,1.0,9/DH,,martest01,Starling Marte,20750000.0,1,1,0,1/9/DH
287.0,28.0,PHI,NL,2.3,90.0,274.0,249.0,39.0,64.0,12.0,4.0,7.0,31.0,7.0,1.0,13.0,66.0,0.257,0.313,0.422,0.734,104.0,0.33,107.0,105.0,5.0,8.0,1.0,2.0,0.0,654H,,sosaed01,Edmundo Sosa,1700000.0,1,1,0,1456
288.0,33.0,CHC,NL,0.6,109.0,350.0,298.0,50.0,74.0,12.0,1.0,7.0,29.0,6.0,2.0,47.0,70.0,0.248,0.357,0.366,0.723,106.0,0.326,108.0,109.0,7.0,4.0,0.0,1.0,0.0,9HD78,,tauchmi01,Mike Tauchman,1950000.0,1,1,0,1789/DH
289.0,30.0,NYM,NL,2.0,130.0,345.0,319.0,47.0,79.0,22.0,3.0,7.0,35.0,11.0,2.0,19.0,80.0,0.248,0.299,0.401,0.701,99.0,0.317,102.0,128.0,4.0,5.0,1.0,1.0,1.0,*98H7/D,,tayloty01,Tyrone Taylor,2025000.0,1,1,0,1789/DH
294.0,31.0,DET,AL,-1.1,80.0,289.0,272.0,25.0,50.0,12.0,0.0,6.0,37.0,8.0,1.0,12.0,69.0,0.184,0.221,0.294,0.516,46.0,0.236,41.0,80.0,10.0,2.0,0.0,3.0,1.0,6/H,,baezja01,Javier Báez,25000000.0,1,0,0,1/6
297.0,29.0,LAD,NL,0.9,37.0,153.0,139.0,20.0,33.0,5.0,1.0,6.0,20.0,6.0,0.0,11.0,30.0,0.237,0.294,0.417,0.711,101.0,0.321,101.0,58.0,2.0,1.0,0.0,2.0,0.0,86/H4,,edmanto01,Tommy Edman,7000000.0,1,1,0,14/68
302.0,27.0,LAA,AL,1.9,78.0,304.0,283.0,41.0,85.0,13.0,1.0,6.0,30.0,24.0,7.0,16.0,44.0,0.3,0.347,0.417,0.763,116.0,0.344,116.0,118.0,6.0,4.0,1.0,0.0,0.0,54/H69D,,rengilu01,Luis Rengifo,4400000.0,0,0,0,169/45/DH
303.0,35.0,LAD,NL,3.4,103.0,337.0,307.0,41.0,87.0,21.0,0.0,6.0,36.0,8.0,2.0,23.0,34.0,0.283,0.337,0.41,0.748,113.0,0.329,112.0,126.0,8.0,3.0,2.0,2.0,0.0,64H5/13,,rojasmi02,Miguel Rojas,5750000.0,1,1,0,13/1456
316.0,33.0,MIN,AL,-0.3,107.0,242.0,215.0,26.0,46.0,13.0,1.0,5.0,25.0,3.0,5.0,19.0,49.0,0.214,0.293,0.353,0.647,82.0,0.281,80.0,76.0,6.0,6.0,0.0,2.0,1.0,45H6/13D,,farmeky01,Kyle Farmer,6250000.0,1,0,0,13/1456/DH
317.0,29.0,CIN,NL,0.3,116.0,382.0,350.0,44.0,97.0,19.0,2.0,5.0,26.0,20.0,5.0,26.0,70.0,0.277,0.33,0.386,0.716,95.0,0.319,92.0,135.0,6.0,3.0,0.0,3.0,0.0,9H/D78,,fraleja01,Jake Fraley,2150000.0,1,1,0,19/78/DH
318.0,31.0,MIL,NL,0.4,30.0,69.0,66.0,10.0,18.0,1.0,0.0,5.0,14.0,0.0,0.0,3.0,28.0,0.273,0.304,0.515,0.819,122.0,0.359,128.0,34.0,0.0,0.0,0.0,0.0,0.0,2/HD,,haaseer01,Eric Haase,1050000.0,1,1,0,1/2/DH
323.0,26.0,MIN,AL,-0.6,57.0,178.0,159.0,20.0,32.0,8.0,3.0,5.0,20.0,0.0,0.0,15.0,47.0,0.201,0.27,0.384,0.653,81.0,0.287,79.0,61.0,5.0,1.0,0.0,3.0,0.0,7D3/H9,,kirilal01,Alex Kirilloff,1350000.0,0,0,0,19/37/DH
324.0,25.0,TOR,AL,2.1,103.0,386.0,340.0,23.0,86.0,19.0,1.0,5.0,54.0,0.0,0.0,35.0,51.0,0.253,0.319,0.359,0.677,94.0,0.303,94.0,122.0,11.0,2.0,0.0,9.0,1.0,2/HD,,kirkal01,Alejandro Kirk,2800000.0,0,0,0,1/2/DH
327.0,29.0,BAL,AL,0.8,68.0,208.0,192.0,30.0,44.0,14.0,2.0,5.0,18.0,13.0,2.0,10.0,48.0,0.229,0.267,0.401,0.668,93.0,0.294,87.0,77.0,3.0,1.0,2.0,3.0,0.0,4/6H8D,,mateojo01,Jorge Mateo,2700000.0,1,0,0,168/4/DH
330.0,29.0,HOU,AL,-0.6,94.0,267.0,242.0,32.0,51.0,6.0,1.0,5.0,27.0,8.0,2.0,17.0,72.0,0.211,0.271,0.306,0.576,66.0,0.274,71.0,74.0,3.0,4.0,1.0,3.0,0.0,798/H,,mccorch01,Chas McCormick,2850000.0,1,0,0,1/789
340.0,34.0,2TM,2LG,1.0,116.0,281.0,259.0,31.0,51.0,9.0,3.0,5.0,26.0,6.0,2.0,12.0,86.0,0.197,0.237,0.313,0.55,56.0,0.253,56.0,81.0,4.0,2.0,7.0,1.0,0.0,*8H/9D,,kiermke01,Kevin Kiermaier,10500000.0,1,1,0,18/9/DH
340.0,34.0,TOR,AL,0.9,82.0,217.0,200.0,24.0,39.0,7.0,2.0,4.0,18.0,5.0,0.0,10.0,66.0,0.195,0.236,0.31,0.546,55.0,0.25,51.0,62.0,3.0,1.0,5.0,1.0,0.0,8/H9D,,kiermke01,Kevin Kiermaier,10500000.0,1,0,0,19/8/DH
340.0,34.0,LAD,NL,0.1,34.0,64.0,59.0,7.0,12.0,2.0,1.0,1.0,8.0,1.0,2.0,2.0,20.0,0.203,0.242,0.322,0.564,60.0,0.263,74.0,19.0,1.0,1.0,2.0,0.0,0.0,8/H,,kiermke01,Kevin Kiermaier,10500000.0,1,1,0,1/8
343.0,28.0,2TM,2LG,-0.1,85.0,255.0,235.0,26.0,60.0,18.0,0.0,5.0,20.0,2.0,2.0,9.0,59.0,0.255,0.303,0.396,0.699,101.0,0.306,101.0,93.0,2.0,8.0,1.0,2.0,1.0,7H/9D,,haysau01,Austin Hays,6300000.0,1,1,0,17/9/DH
343.0,28.0,BAL,AL,0.2,63.0,175.0,157.0,18.0,40.0,13.0,0.0,3.0,14.0,0.0,1.0,9.0,40.0,0.255,0.316,0.395,0.711,108.0,0.316,112.0,62.0,1.0,6.0,1.0,2.0,1.0,7H/9D,,haysau01,Austin Hays,6300000.0,1,0,0,17/9/DH
343.0,28.0,PHI,NL,-0.3,22.0,80.0,78.0,8.0,20.0,5.0,0.0,2.0,6.0,2.0,1.0,0.0,19.0,0.256,0.275,0.397,0.672,86.0,0.286,79.0,31.0,1.0,2.0,0.0,0.0,0.0,7/H,,haysau01,Austin Hays,6300000.0,1,1,0,1/7
345.0,26.0,ATL,NL,0.0,49.0,222.0,192.0,38.0,48.0,8.0,1.0,4.0,15.0,16.0,3.0,27.0,53.0,0.25,0.351,0.365,0.716,101.0,0.343,110.0,70.0,4.0,3.0,0.0,0.0,0.0,9,,acunaro01,Ronald Acuña Jr.,17000000.0,0,1,0,9
346.0,29.0,OAK,AL,0.4,75.0,319.0,302.0,31.0,86.0,14.0,1.0,4.0,30.0,3.0,2.0,13.0,42.0,0.285,0.32,0.377,0.697,103.0,0.308,103.0,114.0,10.0,3.0,0.0,1.0,0.0,7/D3H,,andujmi01,Miguel Andujar,1700000.0,1,0,0,13/7/DH
349.0,26.0,TOR,AL,-0.3,81.0,336.0,311.0,29.0,70.0,16.0,1.0,4.0,31.0,5.0,1.0,20.0,64.0,0.225,0.277,0.322,0.598,71.0,0.269,68.0,100.0,12.0,3.0,0.0,2.0,1.0,6,,bichebo01,Bo Bichette,12083333.0,0,0,0,6
355.0,31.0,LAA,AL,-2.0,97.0,360.0,325.0,28.0,55.0,7.0,0.0,4.0,15.0,1.0,0.0,27.0,81.0,0.169,0.242,0.228,0.469,35.0,0.228,38.0,74.0,13.0,5.0,0.0,3.0,0.0,45D3/H,,drurybr01,Brandon Drury,8500000.0,1,0,0,1/345/DH
357.0,32.0,SFG,NL,-0.6,71.0,242.0,214.0,19.0,44.0,12.0,0.0,4.0,26.0,0.0,0.0,20.0,33.0,0.206,0.277,0.318,0.595,72.0,0.274,76.0,68.0,5.0,3.0,0.0,5.0,1.0,3H/D5,,florewi01,Wilmer Flores,6500000.0,1,1,0,13/5/DH
359.0,32.0,KCR,AL,0.3,104.0,294.0,262.0,35.0,53.0,10.0,1.0,4.0,22.0,3.0,0.0,22.0,59.0,0.202,0.282,0.294,0.576,63.0,0.269,64.0,77.0,0.0,7.0,3.0,0.0,0.0,4H9D7/53,,fraziad01,Adam Frazier,2000000.0,1,0,0,1479/35/DH
360.0,27.0,PIT,NL,0.8,96.0,396.0,365.0,38.0,85.0,9.0,0.0,4.0,25.0,11.0,2.0,23.0,75.0,0.233,0.283,0.29,0.573,61.0,0.267,60.0,106.0,12.0,4.0,0.0,4.0,1.0,5/H,,hayeske01,Ke'Bryan Hayes,7000000.0,0,1,0,1/5
361.0,34.0,NYM,NL,3.1,85.0,291.0,270.0,39.0,91.0,16.0,1.0,4.0,26.0,6.0,2.0,12.0,39.0,0.337,0.381,0.448,0.83,137.0,0.361,136.0,121.0,4.0,8.0,0.0,1.0,1.0,45/H6,,iglesjo01,Jose Iglesias,1500000.0,1,1,0,16/45
366.0,29.0,MIN,AL,-0.6,129.0,343.0,315.0,37.0,75.0,17.0,1.0,4.0,31.0,5.0,0.0,21.0,54.0,0.238,0.289,0.337,0.626,76.0,0.281,72.0,106.0,10.0,3.0,1.0,3.0,0.0,*79H8/D,,margoma01,Manuel Margot,10000000.0,1,0,0,1789/DH
373.0,33.0,LAD,NL,-0.1,87.0,246.0,213.0,28.0,43.0,7.0,1.0,4.0,23.0,5.0,1.0,28.0,76.0,0.202,0.298,0.3,0.598,73.0,0.289,82.0,64.0,5.0,2.0,1.0,2.0,0.0,754H/8,,tayloch03,Chris Taylor,13000000.0,1,1,0,1457/8
384.0,25.0,2TM,2LG,-1.2,96.0,265.0,235.0,19.0,49.0,7.0,0.0,3.0,25.0,2.0,1.0,22.0,75.0,0.209,0.287,0.277,0.563,61.0,0.256,58.0,65.0,2.0,5.0,0.0,3.0,0.0,798H/D,,carlsdy01,Dylan Carlson,2350000.0,0,1,0,1789/DH
384.0,25.0,STL,NL,-1.0,59.0,138.0,121.0,12.0,24.0,5.0,0.0,0.0,11.0,0.0,1.0,12.0,37.0,0.198,0.275,0.24,0.515,47.0,0.233,42.0,29.0,2.0,2.0,0.0,3.0,0.0,98H/7D,,carlsdy01,Dylan Carlson,2350000.0,0,1,0,189/7/DH
384.0,25.0,TBR,AL,-0.3,37.0,127.0,114.0,7.0,25.0,2.0,0.0,3.0,14.0,2.0,0.0,10.0,38.0,0.219,0.299,0.316,0.615,78.0,0.281,77.0,36.0,0.0,3.0,0.0,0.0,0.0,7/H9D,,carlsdy01,Dylan Carlson,2350000.0,0,0,0,19/7/DH
391.0,34.0,3TM,AL,-0.3,87.0,245.0,208.0,21.0,44.0,8.0,0.0,3.0,16.0,3.0,0.0,34.0,58.0,0.212,0.322,0.293,0.616,79.0,0.291,84.0,61.0,8.0,1.0,0.0,2.0,0.0,DH79,,grossro01,Robbie Grossman,1500000.0,1,0,0,179/DH
391.0,34.0,CHW,AL,-0.1,25.0,85.0,71.0,6.0,15.0,4.0,0.0,0.0,4.0,2.0,0.0,13.0,20.0,0.211,0.329,0.268,0.597,75.0,0.295,85.0,19.0,2.0,0.0,0.0,1.0,0.0,9/H7D,,grossro01,Robbie Grossman,1500000.0,1,0,0,17/9/DH
391.0,34.0,TEX,AL,0.2,46.0,122.0,105.0,13.0,25.0,4.0,0.0,3.0,10.0,1.0,0.0,16.0,25.0,0.238,0.336,0.362,0.698,101.0,0.318,104.0,38.0,5.0,0.0,0.0,1.0,0.0,DH7/9,,grossro01,Robbie Grossman,1500000.0,1,0,0,17/9/DH
391.0,34.0,KCR,AL,-0.4,16.0,38.0,32.0,2.0,4.0,0.0,0.0,0.0,2.0,0.0,0.0,5.0,13.0,0.125,0.263,0.125,0.388,15.0,0.201,17.0,4.0,1.0,1.0,0.0,0.0,0.0,D/H79,,grossro01,Robbie Grossman,1500000.0,1,0,0,179/DH
403.0,30.0,ARI,NL,2.2,111.0,311.0,288.0,41.0,80.0,17.0,1.0,3.0,28.0,8.0,1.0,15.0,48.0,0.278,0.311,0.375,0.686,91.0,0.313,92.0,108.0,7.0,0.0,6.0,2.0,1.0,643/H57D,,newmake01,Kevin Newman,1000000.0,1,1,0,157/346/DH
411.0,28.0,NYM,NL,0.7,47.0,130.0,118.0,14.0,27.0,8.0,0.0,3.0,15.0,0.0,1.0,9.0,28.0,0.229,0.292,0.373,0.665,89.0,0.287,86.0,44.0,5.0,2.0,0.0,1.0,0.0,2/HD1,,torrelu01,Luis Torrens,1000000.0,1,1,0,11/2/DH
414.0,28.0,3TM,2LG,0.0,103.0,346.0,332.0,29.0,93.0,18.0,3.0,3.0,32.0,13.0,5.0,9.0,73.0,0.28,0.306,0.38,0.686,94.0,0.312,98.0,126.0,10.0,4.0,0.0,1.0,0.0,49DH56,,rosaram01,Amed Rosario,1500000.0,1,1,0,14569/DH
414.0,28.0,2TM,NL,-0.6,27.0,71.0,68.0,7.0,12.0,1.0,0.0,1.0,6.0,4.0,1.0,2.0,25.0,0.176,0.211,0.235,0.447,23.0,0.231,29.0,16.0,1.0,1.0,0.0,0.0,0.0,D/H4965,,rosaram01,Amed Rosario,1500000.0,1,1,0,14569/DH
414.0,28.0,TBR,AL,0.5,76.0,275.0,264.0,22.0,81.0,17.0,3.0,2.0,26.0,9.0,4.0,7.0,48.0,0.307,0.331,0.417,0.748,114.0,0.333,116.0,110.0,9.0,3.0,0.0,1.0,0.0,4956DH,,rosaram01,Amed Rosario,1500000.0,1,0,0,14569/DH
414.0,28.0,LAD,NL,0.1,5.0,12.0,11.0,1.0,3.0,1.0,0.0,0.0,2.0,1.0,1.0,1.0,2.0,0.273,0.333,0.364,0.697,100.0,0.281,96.0,4.0,0.0,0.0,0.0,0.0,0.0,/46H5,,rosaram01,Amed Rosario,1500000.0,1,1,0,1456
414.0,28.0,CIN,NL,-0.6,22.0,59.0,57.0,6.0,9.0,0.0,0.0,1.0,4.0,3.0,0.0,1.0,23.0,0.158,0.186,0.211,0.397,9.0,0.221,16.0,12.0,1.0,1.0,0.0,0.0,0.0,D/9H4,,rosaram01,Amed Rosario,1500000.0,1,1,0,149/DH
423.0,32.0,COL,NL,-0.7,37.0,155.0,133.0,9.0,29.0,5.0,0.0,2.0,15.0,0.0,0.0,13.0,48.0,0.218,0.323,0.301,0.623,71.0,0.292,74.0,40.0,6.0,8.0,0.0,1.0,0.0,D93,,bryankr01,Kris Bryant,28000000.0,1,1,0,39/DH
430.0,31.0,CLE,AL,-0.6,66.0,146.0,132.0,12.0,20.0,3.0,0.0,2.0,15.0,2.0,0.0,6.0,50.0,0.152,0.203,0.22,0.422,21.0,0.199,14.0,29.0,2.0,3.0,3.0,2.0,0.0,1-Feb,,hedgeau01,Austin Hedges,4000000.0,1,0,0,1
435.0,33.0,CIN,NL,-0.4,53.0,154.0,135.0,8.0,24.0,4.0,0.0,2.0,8.0,2.0,0.0,13.0,52.0,0.178,0.268,0.252,0.52,44.0,0.25,43.0,34.0,4.0,4.0,1.0,1.0,0.0,2/1HD,,mailelu01,Luke Maile,3000000.0,1,1,0,11/2/DH
445.0,31.0,BOS,AL,0.7,26.0,106.0,94.0,8.0,24.0,7.0,0.0,2.0,10.0,6.0,3.0,11.0,33.0,0.255,0.34,0.394,0.733,104.0,0.325,104.0,37.0,2.0,1.0,0.0,0.0,2.0,6,,storytr01,Trevor Story,22500000.0,1,0,0,6
451.0,34.0,3TM,NL,-0.3,71.0,228.0,210.0,20.0,48.0,6.0,1.0,2.0,17.0,2.0,1.0,11.0,51.0,0.229,0.267,0.295,0.562,62.0,0.254,61.0,62.0,6.0,1.0,3.0,3.0,0.0,6/H4,,ahmedni01,Nick Ahmed,1000000.0,1,1,0,14/6
451.0,34.0,SFG,NL,-0.1,52.0,172.0,155.0,13.0,36.0,6.0,1.0,1.0,15.0,1.0,1.0,10.0,35.0,0.232,0.278,0.303,0.581,68.0,0.263,69.0,47.0,6.0,1.0,3.0,3.0,0.0,6/H,,ahmedni01,Nick Ahmed,1000000.0,1,1,0,1/6
451.0,34.0,LAD,NL,-0.1,17.0,49.0,48.0,6.0,11.0,0.0,0.0,1.0,2.0,1.0,0.0,1.0,14.0,0.229,0.245,0.292,0.537,53.0,0.241,47.0,14.0,0.0,0.0,0.0,0.0,0.0,6/H,,ahmedni01,Nick Ahmed,1000000.0,1,1,0,1/6
451.0,34.0,SDP,NL,-0.2,2.0,7.0,7.0,1.0,1.0,0.0,0.0,0.0,0.0,0.0,0.0,0.0,2.0,0.143,0.143,0.143,0.286,-19.0,0.128,-38.0,1.0,0.0,0.0,0.0,0.0,0.0,/46,,ahmedni01,Nick Ahmed,1000000.0,1,1,0,46
453.0,31.0,3TM,2LG,-0.2,84.0,212.0,177.0,24.0,37.0,4.0,0.0,2.0,18.0,3.0,2.0,26.0,60.0,0.209,0.321,0.266,0.586,73.0,0.279,81.0,47.0,5.0,5.0,0.0,4.0,0.0,9H78/D,,slateau01,Austin Slater,4000000.0,1,1,0,1789/DH
453.0,31.0,2TM,NL,-0.7,51.0,133.0,108.0,14.0,20.0,1.0,0.0,1.0,12.0,2.0,1.0,18.0,37.0,0.185,0.308,0.222,0.53,56.0,0.26,64.0,24.0,3.0,3.0,0.0,4.0,0.0,9H7/8D,,slateau01,Austin Slater,4000000.0,1,1,0,179/8/DH
453.0,31.0,SFG,NL,-0.3,43.0,112.0,90.0,12.0,18.0,1.0,0.0,1.0,9.0,2.0,1.0,16.0,31.0,0.2,0.33,0.244,0.575,70.0,0.28,81.0,22.0,3.0,3.0,0.0,3.0,0.0,9H/78D,,slateau01,Austin Slater,4000000.0,1,1,0,19/78/DH
453.0,31.0,CIN,NL,-0.4,8.0,21.0,18.0,2.0,2.0,0.0,0.0,0.0,3.0,0.0,0.0,2.0,6.0,0.111,0.19,0.111,0.302,-14.0,0.151,-26.0,2.0,0.0,0.0,0.0,1.0,0.0,/87H9D,,slateau01,Austin Slater,4000000.0,1,1,0,1789/DH
453.0,31.0,BAL,AL,0.5,33.0,79.0,69.0,10.0,17.0,3.0,0.0,1.0,6.0,1.0,1.0,8.0,23.0,0.246,0.342,0.333,0.675,100.0,0.311,109.0,23.0,2.0,2.0,0.0,0.0,0.0,79H/8,,slateau01,Austin Slater,4000000.0,1,0,0,179/8
457.0,34.0,LAD,NL,0.7,54.0,156.0,140.0,12.0,37.0,3.0,0.0,1.0,11.0,3.0,0.0,14.0,36.0,0.264,0.331,0.307,0.638,85.0,0.294,85.0,43.0,3.0,0.0,2.0,0.0,0.0,2/HD4,,barneau01,Austin Barnes,3500000.0,1,1,0,14/2/DH
458.0,34.0,NYY,AL,0.6,25.0,74.0,66.0,10.0,18.0,0.0,0.0,1.0,6.0,5.0,1.0,6.0,14.0,0.273,0.342,0.318,0.661,90.0,0.334,108.0,21.0,2.0,1.0,1.0,0.0,0.0,5/H47D,,bertijo01,Jon Berti,3625000.0,1,0,0,147/5/DH
463.0,35.0,SFG,NL,0.3,41.0,125.0,108.0,12.0,21.0,3.0,0.0,1.0,8.0,0.0,0.0,13.0,22.0,0.194,0.293,0.25,0.543,60.0,0.27,73.0,27.0,3.0,2.0,2.0,0.0,0.0,2,,casalcu01,Curt Casali,1000000.0,1,1,0,2
477.0,32.0,2TM,2LG,0.1,38.0,99.0,81.0,22.0,20.0,4.0,0.0,1.0,4.0,1.0,0.0,18.0,24.0,0.247,0.384,0.333,0.717,109.0,0.338,118.0,27.0,0.0,0.0,0.0,0.0,1.0,97/HD,,gamelbe01,Ben Gamel,1200000.0,1,1,0,1/79/DH
477.0,32.0,NYM,NL,0.0,18.0,30.0,23.0,9.0,5.0,1.0,0.0,0.0,0.0,1.0,0.0,7.0,7.0,0.217,0.4,0.261,0.661,96.0,0.36,130.0,6.0,0.0,0.0,0.0,0.0,0.0,9/7HD,,gamelbe01,Ben Gamel,1200000.0,1,1,0,17/9/DH
477.0,32.0,HOU,AL,0.1,20.0,69.0,58.0,13.0,15.0,3.0,0.0,1.0,4.0,0.0,0.0,11.0,17.0,0.259,0.377,0.362,0.739,115.0,0.328,113.0,21.0,0.0,0.0,0.0,0.0,1.0,9/7H,,gamelbe01,Ben Gamel,1200000.0,1,0,0,17/9
484.0,33.0,TEX,AL,0.3,104.0,207.0,190.0,19.0,38.0,5.0,0.0,1.0,12.0,11.0,1.0,12.0,44.0,0.2,0.266,0.242,0.508,48.0,0.256,54.0,46.0,3.0,5.0,0.0,0.0,0.0,9H7D8,,jankotr01,Travis Jankowski,1700000.0,1,0,0,1789/DH
494.0,29.0,CHW,AL,0.2,124.0,445.0,398.0,40.0,96.0,12.0,3.0,1.0,21.0,5.0,7.0,37.0,67.0,0.241,0.312,0.294,0.606,76.0,0.282,83.0,117.0,3.0,4.0,6.0,0.0,0.0,46/H,,lopezni01,Nicky Lopez,4300000.0,1,0,0,1/46
502.0,33.0,SFG,NL,-0.4,13.0,38.0,34.0,3.0,4.0,1.0,0.0,1.0,2.0,0.0,0.0,4.0,14.0,0.118,0.211,0.235,0.446,29.0,0.206,27.0,8.0,0.0,0.0,0.0,0.0,0.0,2/DH,,murphto04,Tom Murphy,4000000.0,1,1,0,1/2/DH
513.0,32.0,WSN,NL,-0.5,95.0,303.0,272.0,21.0,67.0,16.0,0.0,1.0,30.0,9.0,4.0,19.0,31.0,0.246,0.295,0.316,0.611,75.0,0.273,72.0,86.0,9.0,2.0,5.0,5.0,0.0,547H/613D,,vargail01,Ildemaro Vargas,1100000.0,1,1,0,136/1457/DH
542.0,30.0,COL,NL,0.0,2.0,0.0,0.0,0.0,0.0,0.0,0.0,0.0,0.0,0.0,0.0,0.0,0.0,,,,,,,,0.0,0.0,0.0,0.0,0.0,0.0,1,,beeksja02,Jalen Beeks,1675000.0,1,1,0,1
552.0,26.0,KCR,AL,0.0,1.0,0.0,0.0,0.0,0.0,0.0,0.0,0.0,0.0,0.0,0.0,0.0,0.0,,,,,,,,0.0,0.0,0.0,0.0,0.0,0.0,1,,bubickr01,Kris Bubic,2350000.0,0,0,0,1
559.0,31.0,SEA,AL,0.0,1.0,1.0,1.0,0.0,0.0,0.0,0.0,0.0,0.0,0.0,0.0,0.0,1.0,0.0,0.0,0.0,0.0,-100.0,0.0,-118.0,0.0,0.0,0.0,0.0,0.0,0.0,1,,castilu02,Luis Castillo,24150000.0,1,0,0,1
562.0,34.0,BAL,AL,0.0,1.0,0.0,0.0,0.0,0.0,0.0,0.0,0.0,0.0,0.0,0.0,0.0,0.0,,,,,,,,0.0,0.0,0.0,0.0,0.0,0.0,1,,couloda01,Danny Coulombe,2300000.0,1,0,0,1
573.0,33.0,TEX,AL,0.2,4.0,10.0,7.0,2.0,2.0,0.0,0.0,0.0,0.0,0.0,0.0,2.0,1.0,0.286,0.5,0.286,0.786,135.0,0.388,156.0,2.0,0.0,1.0,0.0,0.0,0.0,/5H,,duffyma01,Matt Duffy,1000000.0,1,0,0,15
577.0,33.0,CIN,NL,0.0,1.0,0.0,0.0,0.0,0.0,0.0,0.0,0.0,0.0,0.0,0.0,0.0,0.0,,,,,,,,0.0,0.0,0.0,0.0,0.0,0.0,1,,farmebu01,Buck Farmer,2550000.0,1,1,0,1
581.0,32.0,WSN,NL,0.0,1.0,0.0,0.0,0.0,0.0,0.0,0.0,0.0,0.0,0.0,0.0,0.0,0.0,,,,,,,,0.0,0.0,0.0,0.0,0.0,0.0,1,AS,finneky01,Kyle Finnegan,5100000.0,1,1,1,1
585.0,31.0,COL,NL,0.0,2.0,0.0,0.0,0.0,0.0,0.0,0.0,0.0,0.0,0.0,0.0,0.0,0.0,,,,,,,,0.0,0.0,0.0,0.0,0.0,0.0,1/H,,freelky01,Kyle Freeland,15000000.0,1,1,0,1/1
591.0,30.0,ARI,NL,0.0,2.0,0.0,0.0,0.0,0.0,0.0,0.0,0.0,0.0,0.0,0.0,0.0,0.0,,,,,,,,0.0,0.0,0.0,0.0,0.0,0.0,1,,ginkeke01,Kevin Ginkel,1225000.0,1,1,0,1
595.0,33.0,TOR,AL,0.0,1.0,0.0,0.0,0.0,0.0,0.0,0.0,0.0,0.0,0.0,0.0,0.0,0.0,,,,,,,,0.0,0.0,0.0,0.0,0.0,0.0,1,,greench03,Chad Green,10500000.0,1,0,0,1
598.0,30.0,HOU,AL,0.0,3.0,0.0,0.0,0.0,0.0,0.0,0.0,0.0,0.0,0.0,0.0,0.0,0.0,,,,,,,,0.0,0.0,0.0,0.0,0.0,0.0,1,,haderjo01,Josh Hader,19000000.0,1,0,0,1
601.0,29.0,KCR,AL,0.4,113.0,231.0,213.0,16.0,49.0,13.0,1.0,0.0,16.0,7.0,2.0,14.0,59.0,0.23,0.275,0.3,0.576,63.0,0.259,56.0,64.0,3.0,0.0,2.0,2.0,0.0,8H74/36951,,hampsga01,Garrett Hampson,2000000.0,1,0,0,13569/1478
602.0,29.0,KCR,AL,0.0,1.0,0.0,0.0,0.0,0.0,0.0,0.0,0.0,0.0,0.0,0.0,0.0,0.0,,,,,,,,0.0,0.0,0.0,0.0,0.0,0.0,/1,,harvehu01,Hunter Harvey,2325000.0,1,0,0,1
606.0,29.0,STL,NL,0.0,2.0,0.0,0.0,0.0,0.0,0.0,0.0,0.0,0.0,0.0,0.0,0.0,0.0,,,,,,,,0.0,0.0,0.0,0.0,0.0,0.0,1,AS,helslry01,Ryan Helsley,3800000.0,1,1,1,1
617.0,36.0,BOS,AL,0.0,1.0,0.0,0.0,0.0,0.0,0.0,0.0,0.0,0.0,0.0,0.0,0.0,0.0,,,,,,,,0.0,0.0,0.0,0.0,0.0,0.0,1,,janseke01,Kenley Jansen,16000000.0,1,0,0,1
627.0,29.0,STL,NL,0.0,1.0,0.0,0.0,0.0,0.0,0.0,0.0,0.0,0.0,0.0,0.0,0.0,0.0,,,,,,,,0.0,0.0,0.0,0.0,0.0,0.0,1,,kingjo01,John King,1005000.0,1,1,0,1
628.0,33.0,COL,NL,0.0,2.0,0.0,0.0,0.0,0.0,0.0,0.0,0.0,0.0,0.0,0.0,0.0,0.0,,,,,,,,0.0,0.0,0.0,0.0,0.0,0.0,1,,kinlety01,Tyler Kinley,1300000.0,1,1,0,1
629.0,34.0,STL,NL,0.0,1.0,0.0,0.0,0.0,0.0,0.0,0.0,0.0,0.0,0.0,0.0,0.0,0.0,,,,,,,,0.0,0.0,0.0,0.0,0.0,0.0,1,,kittran01,Andrew Kittredge,2630000.0,1,1,0,1
633.0,28.0,CHW,AL,0.0,1.0,0.0,0.0,0.0,0.0,0.0,0.0,0.0,0.0,0.0,0.0,0.0,0.0,,,,,,,,0.0,0.0,0.0,0.0,0.0,0.0,1,,kopecmi01,Michael Kopech,3000000.0,1,0,0,1
636.0,33.0,WSN,NL,0.0,1.0,0.0,0.0,0.0,0.0,0.0,0.0,0.0,0.0,0.0,0.0,0.0,0.0,,,,,,,,0.0,0.0,0.0,0.0,0.0,0.0,1,,lawde01,Derek Law,1500000.0,1,1,0,1
643.0,27.0,CHC,NL,-0.4,51.0,94.0,86.0,5.0,19.0,3.0,0.0,0.0,10.0,1.0,0.0,4.0,10.0,0.221,0.28,0.256,0.535,54.0,0.246,50.0,22.0,2.0,3.0,1.0,0.0,0.0,54/HD,,madrini01,Nick Madrigal,1810000.0,0,1,0,1/45/DH
648.0,38.0,BOS,AL,0.0,2.0,0.0,0.0,0.0,0.0,0.0,0.0,0.0,0.0,0.0,0.0,0.0,0.0,,,,,,,,0.0,0.0,0.0,0.0,0.0,0.0,1,,martich02,Chris Martin,7500000.0,1,0,0,1
655.0,34.0,ARI,NL,0.0,2.0,1.0,1.0,0.0,0.0,0.0,0.0,0.0,0.0,0.0,0.0,0.0,1.0,0.0,0.0,0.0,0.0,-100.0,0.0,-136.0,0.0,0.0,0.0,0.0,0.0,0.0,1,,mcgousc01,Scott McGough,3000000.0,1,1,0,1
659.0,32.0,CHC,NL,0.0,1.0,0.0,0.0,0.0,0.0,0.0,0.0,0.0,0.0,0.0,0.0,0.0,0.0,,,,,,,,0.0,0.0,0.0,0.0,0.0,0.0,1,,merryju01,Julian Merryweather,1175000.0,1,1,0,1
662.0,33.0,MIL,NL,0.0,1.0,0.0,0.0,0.0,0.0,0.0,0.0,0.0,0.0,0.0,0.0,0.0,0.0,,,,,,,,0.0,0.0,0.0,0.0,0.0,0.0,1,,milneho01,Hoby Milner,2050000.0,1,1,0,1
671.0,30.0,MIL,NL,0.0,1.0,0.0,0.0,0.0,0.0,0.0,0.0,0.0,0.0,0.0,0.0,0.0,0.0,,,,,,,,0.0,0.0,0.0,0.0,0.0,0.0,1,,payamjo01,Joel Payamps,1650000.0,1,1,0,1
677.0,35.0,HOU,AL,0.0,2.0,0.0,0.0,0.0,0.0,0.0,0.0,0.0,0.0,0.0,0.0,0.0,0.0,,,,,,,,0.0,0.0,0.0,0.0,0.0,0.0,1,,pressry01,Ryan Pressly,14000000.0,1,0,0,1
678.0,29.0,ARI,NL,0.0,1.0,0.0,0.0,0.0,0.0,0.0,0.0,0.0,0.0,0.0,0.0,0.0,0.0,,,,,,,,0.0,0.0,0.0,0.0,0.0,0.0,1,,pukaj01,A.J. Puk,1800000.0,1,1,0,1
681.0,34.0,LAA,AL,0.6,57.0,238.0,206.0,21.0,45.0,10.0,0.0,0.0,14.0,6.0,1.0,23.0,35.0,0.218,0.307,0.267,0.574,66.0,0.283,75.0,55.0,4.0,5.0,0.0,4.0,0.0,5/D,,rendoan01,Anthony Rendon,38571428.0,1,0,0,5/DH
685.0,39.0,TEX,AL,0.0,2.0,0.0,0.0,0.0,0.0,0.0,0.0,0.0,0.0,0.0,0.0,0.0,0.0,,,,,,,,0.0,0.0,0.0,0.0,0.0,0.0,1,,roberda08,David Robertson,10000000.0,1,0,0,1
697.0,34.0,ARI,NL,0.0,1.0,0.0,0.0,0.0,0.0,0.0,0.0,0.0,0.0,0.0,0.0,0.0,0.0,,,,,,,,0.0,0.0,0.0,0.0,0.0,0.0,1,,sewalpa01,Paul Sewald,7350000.0,1,1,0,1
700.0,30.0,CIN,NL,0.0,1.0,0.0,0.0,0.0,0.0,0.0,0.0,0.0,0.0,0.0,0.0,0.0,0.0,,,,,,,,0.0,0.0,0.0,0.0,0.0,0.0,1,,simslu01,Lucas Sims,2850000.0,1,1,0,1
704.0,32.0,SEA,AL,0.0,1.0,0.0,0.0,0.0,0.0,0.0,0.0,0.0,0.0,0.0,0.0,0.0,0.0,,,,,,,,0.0,0.0,0.0,0.0,0.0,0.0,1,,stanery01,Ryne Stanek,4500000.0,1,0,0,1
712.0,32.0,ARI,NL,0.0,1.0,0.0,0.0,0.0,0.0,0.0,0.0,0.0,0.0,0.0,0.0,0.0,0.0,,,,,,,,0.0,0.0,0.0,0.0,0.0,0.0,1,,thompry02,Ryan Thompson,1350000.0,1,1,0,1
713.0,30.0,SEA,AL,0.0,1.0,0.0,0.0,0.0,0.0,0.0,0.0,0.0,0.0,0.0,0.0,0.0,0.0,,,,,,,,0.0,0.0,0.0,0.0,0.0,0.0,1,,thorntr01,Trent Thornton,1200000.0,1,0,0,1
718.0,32.0,TEX,AL,0.0,2.0,0.0,0.0,0.0,0.0,0.0,0.0,0.0,0.0,0.0,0.0,0.0,0.0,,,,,,,,0.0,0.0,0.0,0.0,0.0,0.0,1,,urenajo01,José Ureña,1500000.0,1,0,0,1
722.0,32.0,SEA,AL,0.0,1.0,0.0,0.0,0.0,0.0,0.0,0.0,0.0,0.0,0.0,0.0,0.0,0.0,,,,,,,,0.0,0.0,0.0,0.0,0.0,0.0,1,,vothau01,Austin Voth,1400000.0,1,0,0,1
726.0,30.0,BAL,AL,0.0,1.0,0.0,0.0,0.0,0.0,0.0,0.0,0.0,0.0,0.0,0.0,0.0,0.0,,,,,,,,0.0,0.0,0.0,0.0,0.0,0.0,1,,webbja01,Jacob Webb,1000000.0,1,0,0,1
734.0,36.0,CIN,NL,0.0,1.0,0.0,0.0,0.0,0.0,0.0,0.0,0.0,0.0,0.0,0.0,0.0,0.0,,,,,,,,0.0,0.0,0.0,0.0,0.0,0.0,1,,wilsoju10,Justin Wilson,1500000.0,1,1,0,1
739.0,37.0,TEX,AL,0.0,3.0,0.0,0.0,0.0,0.0,0.0,0.0,0.0,0.0,0.0,0.0,0.0,0.0,,,,,,,,0.0,0.0,0.0,0.0,0.0,0.0,1,AS,yateski01,Kirby Yates,4500000.0,1,0,1,1
740.0,30.0,CIN,NL,0.0,1.0,0.0,0.0,0.0,0.0,0.0,0.0,0.0,0.0,0.0,0.0,0.0,0.0,,,,,,,,0.0,0.0,0.0,0.0,0.0,0.0,/1,,youngal01,Alex Young,1160000.0,1,1,0,1
